Location,loc_type_fin,Pop_Mid2020,Density_Mid2020,CDR_Yr_Last,days_2021,CCDR_2021,CCMR_2021,ISCDR_2021,days_l12m,CCDR_l12m,CCMR_l12m,ISCDR_l12m,CDR_l12m,e0_l12m_M,e0_l12m_F,e0_l12m_B,e0_Diff_M,e0_Diff_F,e0_Diff_B
Quintana Roo,Mexico,"1,497.403",33.4,3.35,120,1.18,2.68,4.16,365,1.73,3.93,6.10,5.71,67.5,74.2,70.8,-5.15,-4.43,-4.80
Baja California,Mexico,"3,605.789",50.5,4.88,120,2.13,3.66,5.69,365,2.21,3.81,5.92,6.99,67.9,74.7,71.2,-5.10,-4.45,-4.78
Ica,Peru,954.364,44.7,NA,120,2.99,3.61,5.60,365,2.86,3.45,5.35,14.33,67.8,72.3,70.0,-3.76,-3.29,-3.53
Ciudad de Mexico,Mexico,"10,298.920","6,888.8",6.23,120,4.65,4.99,7.74,365,3.13,3.36,5.21,9.97,68.8,75.4,72.0,-4.75,-4.08,-4.42
Callao,Peru,"1,119.096","7,669.8",NA,120,3.22,3.80,5.89,365,2.82,3.33,5.18,14.11,68.6,73.0,70.7,-3.68,-3.25,-3.47
Amazonas (BR),Brazil,"4,192.173",2.7,NA,120,5.32,5.84,9.06,365,2.97,3.26,5.06,NA,NA,NA,NA,NA,NA,NA
Madre de Dios,Peru,158.084,1.9,NA,120,1.33,2.97,4.62,365,1.42,3.17,4.93,7.92,65.2,69.7,67.4,-3.02,-2.52,-2.77
Baja California Sur,Mexico,727.007,9.8,3.82,120,2.38,4.09,6.34,365,1.83,3.14,4.88,6.64,68.5,75.3,71.8,-4.39,-3.83,-4.12
Rondonia,Brazil,"1,797.626",7.6,NA,120,5.63,6.18,9.59,365,2.82,3.10,4.81,NA,NA,NA,NA,NA,NA,NA
Mexico (State),Mexico,"17,378.187",777.5,4.50,120,2.63,4.17,6.48,365,1.94,3.07,4.77,7.18,68.7,74.3,71.4,-4.42,-3.49,-3.97
Tumbes,Peru,252.031,54.0,NA,120,2.37,3.33,5.17,365,2.15,3.03,4.70,12.32,66.5,71.3,68.8,-2.98,-2.55,-2.77
Queretaro,Mexico,"2,094.397",179.0,4.36,120,3.30,5.02,7.80,365,1.97,3.00,4.65,7.29,68.5,75.1,71.7,-4.21,-3.59,-3.91
Mato Grosso,Brazil,"3,524.464",3.9,NA,120,4.41,4.85,7.52,365,2.68,2.94,4.56,NA,NA,NA,NA,NA,NA,NA
Ucayali,Peru,552.917,5.4,NA,120,2.70,4.91,7.63,365,1.60,2.91,4.52,10.60,64.4,69.1,66.7,-2.64,-2.19,-2.42
Sonora,Mexico,"3,077.474",17.1,5.60,120,2.32,3.22,5.00,365,2.10,2.91,4.52,7.99,68.4,75.1,71.7,-4.01,-3.47,-3.75
Moquegua,Peru,197.521,12.6,NA,120,3.36,3.61,5.60,365,2.67,2.87,4.45,15.67,67.6,72.2,69.8,-3.08,-2.72,-2.90
Coahuila de Zaragoza,Mexico,"3,150.456",20.7,5.31,120,1.94,2.78,4.31,365,1.95,2.79,4.33,7.59,68.8,75.5,72.0,-3.92,-3.39,-3.66
Lima,Peru,"10,693.435",307.0,NA,120,2.78,3.12,4.84,365,2.48,2.79,4.32,14.56,68.7,73.1,70.8,-3.11,-2.76,-2.94
Distrito Federal,Brazil,"3,049.880",529.4,NA,120,3.49,3.83,5.95,365,2.51,2.76,4.28,NA,NA,NA,NA,NA,NA,NA
Rio de Janeiro,Brazil,"17,463.128",399.2,NA,120,3.21,3.53,5.47,365,2.48,2.73,4.23,NA,NA,NA,NA,NA,NA,NA
Tacna,Peru,371.146,23.1,NA,120,3.78,5.14,7.98,365,1.97,2.68,4.16,12.41,66.8,71.4,69.1,-2.73,-2.37,-2.56
Roraima,Brazil,612.715,2.7,NA,120,3.58,3.94,6.11,365,2.42,2.66,4.13,NA,NA,NA,NA,NA,NA,NA
Aguascalientes,Mexico,"1,360.852",242.3,4.37,120,2.24,3.42,5.31,365,1.73,2.64,4.10,6.97,69.1,75.6,72.3,-3.82,-3.26,-3.55
Espirito Santo,Brazil,"4,064.780",88.2,NA,120,3.27,3.59,5.58,365,2.29,2.52,3.91,NA,NA,NA,NA,NA,NA,NA
Chihuahua,Mexico,"3,832.828",15.5,7.58,120,1.78,2.59,4.02,365,1.72,2.51,3.89,7.36,68.8,75.5,72.1,-3.58,-3.11,-3.35
Hidalgo,Mexico,"3,072.136",147.6,4.87,120,2.65,3.28,5.09,365,1.97,2.43,3.78,8.56,68.9,75.0,71.9,-3.44,-2.84,-3.15
Nuevo Leon,Mexico,"5,360.737",83.5,4.97,120,2.37,3.29,5.11,365,1.73,2.40,3.73,7.44,69.4,76.1,72.7,-3.50,-3.04,-3.28
Loreto,Peru,981.170,2.7,NA,120,1.22,2.02,3.14,365,1.43,2.36,3.66,11.49,65.8,70.2,68.0,-2.16,-1.80,-1.98
Sinaloa,Mexico,"3,215.596",56.0,5.59,120,1.68,2.14,3.32,365,1.85,2.35,3.65,8.27,68.8,75.4,72.0,-3.32,-2.86,-3.09
Tabasco,Mexico,"2,555.914",103.3,4.98,120,0.99,1.49,2.31,365,1.57,2.35,3.64,7.16,68.7,75.4,72.0,-3.32,-2.87,-3.10
Rio Grande do Sul,Brazil,"11,507.839",40.9,NA,120,4.20,4.61,7.15,365,2.12,2.33,3.62,NA,NA,NA,NA,NA,NA,NA
Tlaxcala,Mexico,"1,345.008",336.5,4.73,120,2.20,2.89,4.49,365,1.76,2.31,3.59,7.87,69.1,75.3,72.1,-3.37,-2.81,-3.10
Goias,Brazil,"7,098.918",20.9,NA,120,3.47,3.81,5.91,365,2.07,2.27,3.53,NA,NA,NA,NA,NA,NA,NA
Sao Paulo,Brazil,"46,446.155",187.1,NA,120,3.20,3.51,5.45,365,2.03,2.23,3.46,NA,NA,NA,NA,NA,NA,NA
Guanajuato,Mexico,"6,295.742",205.6,4.95,120,2.54,3.36,5.22,365,1.67,2.21,3.43,7.77,69.0,75.5,72.2,-3.20,-2.74,-2.98
La Libertad,Peru,"1,990.970",78.1,NA,120,1.88,2.22,3.45,365,1.86,2.20,3.42,14.22,68.0,72.5,70.2,-2.49,-2.19,-2.35
Ancash,Peru,"1,216.095",33.9,NA,120,2.67,2.76,4.28,365,2.12,2.19,3.41,17.40,66.8,71.5,69.1,-2.33,-2.00,-2.17
Mato Grosso do Sul,Brazil,"2,810.886",7.9,NA,120,3.63,3.99,6.19,365,2.00,2.19,3.40,NA,NA,NA,NA,NA,NA,NA
Puebla,Mexico,"6,612.709",192.8,5.37,120,2.59,3.34,5.18,365,1.70,2.19,3.40,8.10,68.6,75.2,71.8,-3.12,-2.66,-2.90
Mexico (Country),Cntry/Terr,"128,932.753",66.3,5.97,120,2.14,2.81,4.36,365,1.67,2.19,3.39,7.87,69.2,75.3,72.2,-3.19,-2.66,-2.93
Peru,Cntry/Terr,"32,971.846",25.8,5.45,120,2.13,2.54,3.94,365,1.81,2.16,3.36,7.74,70.9,76.7,73.8,-3.34,-2.93,-3.14
Lambayeque,Peru,"1,340.725",92.6,NA,120,1.27,1.43,2.23,365,1.86,2.09,3.25,14.29,68.4,72.7,70.5,-2.44,-2.16,-2.30
Parana,Brazil,"11,565.208",58.0,NA,120,3.75,4.12,6.39,365,1.90,2.08,3.23,NA,NA,NA,NA,NA,NA,NA
Jordan,Cntry/Terr,"10,203.140",114.9,3.86,120,1.48,3.54,5.49,365,0.86,2.06,3.20,4.83,70.5,74.5,72.5,-2.49,-1.93,-2.22
Brazil,Cntry/Terr,"212,559.409",25.4,6.42,120,2.95,3.24,5.03,365,1.86,2.04,3.17,8.63,69.4,76.7,73.0,-3.07,-2.97,-3.03
Ceara,Brazil,"9,236.905",62.0,NA,120,2.45,2.69,4.17,365,1.86,2.04,3.17,NA,NA,NA,NA,NA,NA,NA
Santa Catarina,Brazil,"7,247.033",75.7,NA,120,3.44,3.78,5.87,365,1.83,2.01,3.12,NA,NA,NA,NA,NA,NA,NA
San Luis Potosi,Mexico,"2,972.710",48.6,5.14,120,2.15,2.48,3.86,365,1.72,1.99,3.09,8.72,69.4,75.2,72.2,-2.90,-2.35,-2.63
Sergipe,Brazil,"2,325.083",106.0,NA,120,2.31,2.53,3.93,365,1.80,1.98,3.07,NA,NA,NA,NA,NA,NA,NA
San Martin,Peru,909.611,17.7,NA,120,1.20,1.84,2.86,365,1.27,1.95,3.03,11.95,65.7,70.3,67.9,-1.84,-1.55,-1.70
Colima,Mexico,749.741,133.2,4.95,120,1.53,1.92,2.98,365,1.56,1.95,3.03,7.87,70.1,75.6,72.8,-3.00,-2.37,-2.69
Amapa,Brazil,855.439,6.0,NA,120,2.17,2.39,3.70,365,1.77,1.94,3.02,NA,NA,NA,NA,NA,NA,NA
State of Palestine,Cntry/Terr,"5,101.416",847.4,3.46,120,1.09,3.33,5.17,365,0.63,1.93,2.99,4.13,70.3,74.2,72.2,-2.31,-1.78,-2.05
North Macedonia,Cntry/Terr,"2,083.380",82.6,10.02,120,3.38,2.79,4.33,365,2.28,1.88,2.92,12.59,71.6,76.2,73.8,-2.35,-1.77,-2.07
Junin,Peru,"1,393.373",31.4,NA,120,2.43,3.06,4.75,365,1.49,1.88,2.91,14.52,65.7,70.3,68.0,-1.86,-1.57,-1.72
Yucatan,Mexico,"2,269.237",57.4,5.71,120,1.79,2.11,3.27,365,1.58,1.87,2.90,8.53,69.0,75.6,72.2,-2.67,-2.29,-2.49
Acre,Brazil,892.059,5.4,NA,120,2.49,2.73,4.24,365,1.69,1.85,2.87,NA,NA,NA,NA,NA,NA,NA
South Africa,Cntry/Terr,"59,308.690",48.9,9.52,120,1.33,2.65,4.12,365,0.91,1.83,2.84,10.42,59.6,66.6,63.0,-1.20,-1.16,-1.18
Pasco,Peru,284.581,11.4,NA,120,2.31,3.39,5.27,365,1.24,1.82,2.83,12.66,65.5,70.3,67.8,-1.79,-1.54,-1.67
Paraiba,Brazil,"4,064.251",72.0,NA,120,2.32,2.55,3.96,365,1.64,1.81,2.80,NA,NA,NA,NA,NA,NA,NA
Piura,Peru,"2,076.318",58.2,NA,120,1.04,1.31,2.03,365,1.41,1.78,2.76,13.41,67.7,72.0,69.8,-1.84,-1.62,-1.73
Morelos,Mexico,"2,047.959",419.8,5.49,120,2.48,2.92,4.54,365,1.51,1.78,2.76,8.33,70.0,75.7,72.8,-2.68,-2.16,-2.43
Jalisco,Mexico,"8,442.704",107.4,5.33,120,2.11,2.67,4.15,365,1.40,1.77,2.75,7.67,69.8,76.3,73.0,-2.64,-2.27,-2.46
Zacatecas,Mexico,"1,713.503",22.8,5.62,120,1.75,1.94,3.02,365,1.59,1.76,2.74,8.67,69.4,75.9,72.6,-2.62,-2.24,-2.43
Tamaulipas,Mexico,"3,689.743",45.9,5.26,120,1.29,1.74,2.70,365,1.30,1.75,2.72,7.39,69.6,76.2,72.8,-2.60,-2.24,-2.42
Montenegro,Cntry/Terr,628.062,46.7,10.70,120,3.92,2.90,4.50,365,2.36,1.75,2.71,13.19,72.3,77.5,74.9,-2.28,-1.89,-2.09
Bosnia and Herzegovina,Cntry/Terr,"3,280.815",64.3,10.61,120,4.14,2.78,4.31,365,2.57,1.73,2.68,13.67,72.6,78.0,75.2,-2.41,-2.03,-2.22
Tocantins,Brazil,"1,590.921",5.7,NA,120,2.48,2.72,4.22,365,1.57,1.72,2.67,NA,NA,NA,NA,NA,NA,NA
Arequipa,Peru,"1,556.127",24.6,NA,120,1.48,1.66,2.58,365,1.53,1.72,2.67,13.95,69.0,73.3,71.1,-2.03,-1.80,-1.92
Campeche,Mexico,945.785,16.4,4.64,120,0.69,0.95,1.48,365,1.24,1.71,2.65,7.31,69.4,75.7,72.5,-2.52,-2.13,-2.33
Minas Gerais,Brazil,"21,411.788",36.5,NA,120,3.05,3.35,5.21,365,1.54,1.69,2.62,NA,NA,NA,NA,NA,NA,NA
Durango,Mexico,"1,858.666",15.0,5.65,120,1.38,1.81,2.81,365,1.28,1.67,2.59,7.48,69.6,76.1,72.8,-2.50,-2.15,-2.33
Rio Grande do Norte,Brazil,"3,547.108",67.2,NA,120,2.10,2.31,3.59,365,1.51,1.66,2.58,NA,NA,NA,NA,NA,NA,NA
Piaui,Brazil,"3,310.800",13.2,NA,120,2.05,2.25,3.49,365,1.51,1.66,2.57,NA,NA,NA,NA,NA,NA,NA
Colombia,Cntry/Terr,"50,882.884",45.9,5.53,120,1.79,2.07,3.21,365,1.43,1.65,2.57,7.27,71.7,77.7,74.7,-2.95,-2.42,-2.69
Hungary,Cntry/Terr,"9,660.350",106.7,12.53,120,5.61,3.30,5.12,365,2.80,1.65,2.55,15.69,71.2,78.3,74.7,-2.14,-2.09,-2.11
Nayarit,Mexico,"1,255.449",45.1,5.47,120,1.78,2.06,3.20,365,1.41,1.64,2.54,8.21,70.4,75.9,73.1,-2.53,-2.02,-2.28
Eswatini,Cntry/Terr,"1,160.164",67.5,9.42,120,1.22,3.41,5.29,365,0.58,1.61,2.50,9.86,55.2,63.8,59.4,-0.83,-0.98,-0.90
Para,Brazil,"8,701.617",7.0,NA,120,1.99,2.19,3.39,365,1.46,1.60,2.49,NA,NA,NA,NA,NA,NA,NA
Panama,Cntry/Terr,"4,314.768",58.0,5.06,120,1.55,1.77,2.75,365,1.40,1.60,2.48,6.71,72.3,78.9,75.5,-3.33,-2.99,-3.16
Czechia,Cntry/Terr,"10,708.982",138.6,10.50,120,5.01,2.92,4.54,365,2.71,1.58,2.45,13.57,74.3,79.9,77.0,-2.55,-2.17,-2.37
Pernambuco,Brazil,"9,666.777",98.6,NA,120,1.36,1.49,2.31,365,1.43,1.56,2.43,NA,NA,NA,NA,NA,NA,NA
Huanuco,Peru,804.804,21.6,NA,120,1.67,2.24,3.47,365,1.16,1.55,2.41,13.68,66.0,70.4,68.2,-1.56,-1.33,-1.45
New Jersey,U.S.A.,"9,008.043",468.8,8.31,120,2.19,1.34,2.08,365,2.53,1.55,2.41,11.38,74.6,79.8,77.1,-3.07,-2.62,-2.85
Slovakia,Cntry/Terr,"5,459.643",113.5,9.87,120,5.30,3.73,5.80,365,2.13,1.50,2.33,12.40,72.1,79.1,75.5,-2.09,-1.93,-2.01
Bolivia (Plurinational State of),Cntry/Terr,"11,673.029",10.8,6.79,120,0.98,1.32,2.04,365,1.10,1.48,2.30,8.04,66.5,72.6,69.5,-2.37,-2.12,-2.25
Belize,Cntry/Terr,397.621,17.4,4.70,120,0.57,1.04,1.62,365,0.81,1.47,2.28,5.74,69.5,75.9,72.6,-2.32,-1.99,-2.16
Mississippi,U.S.A.,"3,019.798",24.9,10.82,120,2.43,1.67,2.60,365,2.13,1.47,2.28,13.14,70.2,76.4,73.2,-2.08,-1.90,-1.99
New York,U.S.A.,"19,779.540",161.7,7.83,120,2.19,1.33,2.07,365,2.36,1.44,2.23,10.90,75.1,80.5,77.7,-2.98,-2.64,-2.82
Lebanon,Cntry/Terr,"6,825.442",667.2,4.31,120,2.58,3.46,5.37,365,1.06,1.42,2.21,5.71,75.0,79.0,76.9,-2.31,-1.96,-2.14
Mayotte,Cntry/Terr,272.813,727.5,2.69,120,1.28,2.93,4.55,365,0.61,1.39,2.16,3.43,73.8,80.6,77.1,-2.52,-2.43,-2.47
Paraguay,Cntry/Terr,"7,132.530",18.0,5.48,120,1.72,2.69,4.17,365,0.88,1.38,2.13,6.55,70.3,74.8,72.5,-2.03,-1.65,-1.84
Massachusetts,U.S.A.,"6,985.561",344.1,8.57,120,2.25,1.37,2.13,365,2.25,1.37,2.13,11.15,74.7,80.3,77.4,-2.69,-2.35,-2.53
Louisiana,U.S.A.,"4,713.234",41.8,9.78,120,1.86,1.30,2.02,365,1.97,1.37,2.13,11.96,71.5,77.3,74.3,-2.20,-1.93,-2.07
Amazonas (PE),Peru,423.381,10.8,NA,120,1.33,1.76,2.73,365,1.04,1.37,2.13,14.16,65.9,69.9,67.8,-1.27,-1.01,-1.15
Guerrero,Mexico,"3,882.954",61.1,4.86,120,1.27,1.55,2.41,365,1.10,1.35,2.09,8.44,68.4,74.8,71.5,-1.87,-1.57,-1.72
Alagoas,Brazil,"3,375.667",121.2,NA,120,1.54,1.69,2.63,365,1.23,1.35,2.09,NA,NA,NA,NA,NA,NA,NA
Ecuador,Cntry/Terr,"17,643.060",71.0,5.10,120,0.78,1.04,1.61,365,1.00,1.33,2.07,6.26,72.1,77.9,74.9,-2.42,-2.10,-2.26
Argentina,Cntry/Terr,"45,195.777",16.5,7.61,120,1.36,1.29,2.01,365,1.40,1.33,2.06,9.10,71.5,78.2,74.8,-1.89,-1.86,-1.88
Bahia,Brazil,"15,043.792",26.6,NA,120,1.87,2.06,3.19,365,1.21,1.32,2.06,NA,NA,NA,NA,NA,NA,NA
Republic of Moldova,Cntry/Terr,"4,033.963",122.8,11.62,120,2.12,1.99,3.09,365,1.41,1.32,2.05,13.34,66.6,75.0,70.7,-1.15,-1.25,-1.20
Georgia (USA),U.S.A.,"10,628.510",70.9,7.97,120,2.64,2.04,3.17,365,1.69,1.31,2.03,10.13,73.0,78.4,75.6,-2.28,-1.94,-2.11
Arizona,U.S.A.,"7,262.286",24.7,8.23,120,3.54,2.17,3.37,365,2.13,1.31,2.03,10.75,74.3,80.1,77.1,-2.77,-2.43,-2.60
Bulgaria,Cntry/Terr,"6,948.445",64.0,15.38,120,3.85,2.14,3.33,365,2.35,1.31,2.03,17.88,70.2,77.4,73.7,-1.54,-1.40,-1.47
Rhode Island,U.S.A.,"1,070.329",395.5,9.59,120,2.53,1.45,2.25,365,2.23,1.28,1.98,11.97,74.7,79.9,77.3,-2.49,-2.16,-2.33
Texas,U.S.A.,"28,999.321",42.7,7.00,120,2.33,1.92,2.98,365,1.55,1.27,1.98,8.82,74.2,79.4,76.7,-2.42,-2.09,-2.26
Alabama,U.S.A.,"4,944.686",37.6,10.92,120,3.73,2.39,3.71,365,1.97,1.26,1.96,13.33,71.0,76.9,73.9,-1.90,-1.68,-1.80
Armenia,Cntry/Terr,"2,963.234",104.1,9.91,120,1.30,1.19,1.85,365,1.37,1.26,1.95,10.86,70.0,77.2,73.5,-1.50,-1.37,-1.44
Michoacan de Ocampo,Mexico,"4,992.690",85.1,5.55,120,1.73,1.94,3.02,365,1.11,1.25,1.94,8.23,70.5,75.6,73.0,-2.00,-1.54,-1.78
Veracruz de Ignacio de la Llave,Mexico,"8,831.401",122.9,5.90,120,1.09,1.25,1.94,365,1.07,1.22,1.90,8.32,69.7,76.1,72.8,-1.81,-1.54,-1.68
Ayacucho,Peru,688.200,15.7,NA,120,1.50,1.75,2.72,365,1.04,1.21,1.88,15.95,66.0,70.5,68.2,-1.14,-0.95,-1.05
Iran (Islamic Republic of),Cntry/Terr,"83,992.953",51.6,4.88,120,0.58,0.89,1.39,365,0.78,1.19,1.84,5.69,74.0,76.9,75.4,-1.72,-1.18,-1.46
South Dakota,U.S.A.,893.132,4.5,9.19,120,1.61,0.96,1.49,365,1.96,1.17,1.81,11.47,74.4,80.0,77.1,-2.25,-2.04,-2.14
Chile,Cntry/Terr,"19,116.209",25.7,6.12,120,1.53,1.31,2.03,365,1.36,1.16,1.80,7.85,75.6,80.5,78.0,-2.34,-2.02,-2.19
Indiana,U.S.A.,"6,767.587",72.8,9.84,120,2.27,1.49,2.32,365,1.76,1.15,1.79,11.92,72.7,78.3,75.4,-1.90,-1.68,-1.79
Connecticut,U.S.A.,"3,613.794",288.0,8.73,120,1.76,1.01,1.56,365,2.00,1.14,1.77,11.27,75.4,80.9,78.1,-2.34,-2.04,-2.19
District of Columbia,U.S.A.,712.330,"4,477.2",7.15,120,1.36,1.12,1.73,365,1.39,1.14,1.76,9.09,72.8,79.1,75.8,-2.13,-2.11,-2.12
Valle d'Aosta/Vallee d'Aoste,Italy,125.953,38.7,11.70,120,1.84,0.75,1.17,365,2.77,1.13,1.76,15.10,75.8,83.2,79.4,-2.27,-2.09,-2.18
Iraq,Cntry/Terr,"40,222.503",92.6,4.80,120,0.20,0.58,0.90,365,0.38,1.12,1.74,5.16,67.5,71.9,69.6,-1.16,-0.89,-1.03
Nevada,U.S.A.,"3,070.509",10.8,8.22,120,2.32,1.61,2.49,365,1.59,1.10,1.71,10.34,73.9,79.2,76.5,-2.09,-1.81,-1.95
Maranhao,Brazil,"7,156.397",21.7,NA,120,1.16,1.28,1.98,365,1.00,1.10,1.70,NA,NA,NA,NA,NA,NA,NA
North Dakota,U.S.A.,769.967,4.3,8.49,120,0.91,0.56,0.87,365,1.77,1.09,1.69,10.65,75.1,80.3,77.6,-2.28,-1.94,-2.12
Lombardia,Italy,"10,073.686",422.2,9.90,120,2.33,1.01,1.57,365,2.50,1.08,1.68,12.94,78.1,83.9,80.9,-2.44,-2.20,-2.32
Illinois,U.S.A.,"12,887.403",89.5,8.57,120,1.48,0.95,1.48,365,1.68,1.08,1.68,10.75,74.6,79.9,77.2,-2.09,-1.80,-1.95
Cusco,Peru,"1,350.177",18.8,NA,120,1.32,1.71,2.65,365,0.83,1.07,1.66,14.14,65.6,70.0,67.7,-1.02,-0.85,-0.94
Tunisia,Cntry/Terr,"11,818.618",76.1,6.26,120,1.54,1.83,2.83,365,0.90,1.07,1.66,7.28,73.3,77.7,75.4,-1.53,-1.24,-1.39
Arkansas,U.S.A.,"3,049.575",22.6,10.85,120,2.05,1.30,2.02,365,1.68,1.06,1.65,12.85,71.8,77.3,74.5,-1.71,-1.47,-1.59
Oman,Cntry/Terr,"5,106.622",16.5,2.44,120,0.30,0.82,1.28,365,0.39,1.06,1.64,2.89,74.5,78.8,76.6,-1.82,-1.70,-1.76
Apurimac,Peru,453.951,21.7,NA,120,1.89,2.05,3.19,365,0.97,1.06,1.64,17.13,65.8,69.9,67.8,-1.00,-0.83,-0.92
Poland,Cntry/Terr,"37,846.605",123.6,10.09,120,3.10,1.85,2.88,365,1.76,1.05,1.63,12.33,73.3,80.9,77.0,-1.72,-1.73,-1.73
New Mexico,U.S.A.,"2,121.624",6.7,8.94,120,2.27,1.39,2.16,365,1.71,1.05,1.63,11.16,73.2,79.3,76.1,-2.07,-1.86,-1.96
Tennessee,U.S.A.,"6,847.752",64.1,10.44,120,2.35,1.55,2.40,365,1.59,1.05,1.63,12.33,72.1,77.4,74.7,-1.69,-1.44,-1.57
South Carolina,U.S.A.,"5,145.408",66.0,9.84,120,2.48,1.58,2.45,365,1.65,1.05,1.63,11.98,72.6,78.3,75.4,-1.79,-1.56,-1.68
Huancavelica,Peru,387.386,17.5,NA,120,1.69,1.89,2.93,365,0.93,1.04,1.62,17.24,65.8,69.7,67.7,-0.94,-0.76,-0.85
Slovenia,Cntry/Terr,"2,078.932",103.2,9.94,120,2.26,1.17,1.81,365,1.99,1.03,1.59,12.52,76.8,82.4,79.5,-1.94,-1.77,-1.86
Honduras,Cntry/Terr,"9,904.608",88.5,4.44,120,0.65,1.26,1.96,365,0.52,1.01,1.57,5.09,71.4,76.2,73.7,-1.75,-1.49,-1.63
Oklahoma,U.S.A.,"3,989.492",22.4,10.29,120,3.28,2.17,3.37,365,1.52,1.01,1.56,12.16,72.1,77.3,74.6,-1.65,-1.42,-1.54
Pennsylvania,U.S.A.,"12,966.170",111.7,10.59,120,2.40,1.33,2.07,365,1.80,1.00,1.56,12.76,73.7,79.3,76.5,-1.81,-1.60,-1.71
Michigan,U.S.A.,"10,114.528",68.7,9.80,120,1.71,1.04,1.61,365,1.65,1.00,1.55,11.96,73.8,79.0,76.3,-1.81,-1.54,-1.68
United States of America,Cntry/Terr,"331,002.647",36.2,8.69,120,2.11,1.36,2.11,365,1.55,1.00,1.55,10.61,74.5,79.8,77.1,-1.95,-1.69,-1.82
Iowa,U.S.A.,"3,194.037",22.1,9.71,120,1.94,1.13,1.76,365,1.66,0.97,1.50,11.59,75.0,80.1,77.5,-1.86,-1.60,-1.74
California,U.S.A.,"40,011.015",99.0,6.78,120,2.72,1.89,2.94,365,1.38,0.96,1.49,8.62,76.5,81.7,79.0,-2.20,-1.91,-2.06
Kansas,U.S.A.,"2,945.539",13.9,9.29,120,2.28,1.43,2.22,365,1.50,0.94,1.46,11.17,74.5,79.5,77.0,-1.77,-1.51,-1.64
Bahrain,Cntry/Terr,"1,701.583","2,238.9",2.38,120,0.51,1.30,2.01,365,0.37,0.94,1.45,2.83,75.1,77.5,76.3,-1.45,-1.02,-1.24
Cajamarca,Peru,"1,500.006",45.0,NA,120,1.16,1.33,2.07,365,0.79,0.91,1.41,14.93,67.9,72.2,70.0,-0.94,-0.81,-0.87
Libya,Cntry/Terr,"6,871.287",3.9,5.07,120,0.68,1.39,2.17,365,0.44,0.90,1.39,5.64,69.3,75.2,72.2,-1.00,-0.85,-0.93
Croatia,Cntry/Terr,"4,105.268",73.4,13.13,120,2.31,1.21,1.88,365,1.70,0.89,1.38,15.01,74.1,80.5,77.2,-1.34,-1.22,-1.28
Friuli-Venezia Giulia,Italy,"1,218.962",155.1,11.90,120,5.13,1.93,2.99,365,2.33,0.88,1.36,14.53,78.8,84.1,81.4,-2.02,-1.83,-1.93
Ohio,U.S.A.,"11,827.215",111.5,10.61,120,2.63,1.59,2.46,365,1.45,0.87,1.36,12.36,73.1,78.5,75.7,-1.50,-1.30,-1.40
Emilia-Romagna,Italy,"4,468.697",164.5,11.20,120,3.49,1.38,2.14,365,2.21,0.87,1.35,13.77,78.8,84.2,81.4,-2.05,-1.79,-1.93
Delaware,U.S.A.,979.254,193.4,9.54,120,2.17,1.27,1.97,365,1.48,0.87,1.35,11.50,74.2,79.9,77.0,-1.66,-1.46,-1.56
Castilla-La Mancha,Spain,"2,021.012",25.4,9.54,120,2.65,1.18,1.83,365,1.93,0.86,1.34,12.41,79.4,84.6,82.0,-2.02,-1.77,-1.90
Oaxaca,Mexico,"4,386.373",46.8,5.71,120,0.94,1.02,1.58,365,0.79,0.85,1.33,8.40,70.1,75.8,72.8,-1.34,-1.08,-1.21
Maryland,U.S.A.,"6,109.605",241.3,8.25,120,1.41,0.94,1.46,365,1.27,0.85,1.32,9.89,74.7,80.3,77.4,-1.72,-1.53,-1.63
Romania,Cntry/Terr,"19,237.682",83.6,13.03,120,1.93,1.15,1.79,365,1.42,0.85,1.31,14.64,71.6,78.6,75.0,-1.15,-1.04,-1.09
Kentucky,U.S.A.,"4,519.893",43.9,10.82,120,2.61,1.70,2.63,365,1.28,0.84,1.30,12.76,71.7,76.9,74.2,-1.29,-1.10,-1.20
Guatemala,Cntry/Terr,"17,915.567",167.2,4.75,120,0.46,0.91,1.41,365,0.42,0.83,1.29,5.24,70.2,76.2,73.1,-1.39,-1.11,-1.26
Trento (Provincia autonoma di),Italy,541.866,87.3,9.30,120,2.25,0.98,1.52,365,1.90,0.83,1.29,11.65,78.9,84.8,81.8,-2.11,-1.82,-1.97
United Kingdom,Cntry/Terr,"67,886.004",280.6,9.38,120,2.43,1.34,2.09,365,1.49,0.82,1.28,11.00,78.0,81.7,79.8,-1.77,-1.40,-1.59
Bolzano (Provincia autonoma di),Italy,531.191,71.8,8.30,120,2.42,1.17,1.81,365,1.68,0.81,1.26,10.64,78.5,84.8,81.5,-2.00,-1.73,-1.87
Guam,Cntry/Terr,168.783,312.6,5.18,120,0.27,0.28,0.44,365,0.78,0.81,1.25,6.28,75.7,82.2,78.9,-1.35,-1.45,-1.40
Missouri,U.S.A.,"6,200.300",34.7,10.12,120,1.69,1.03,1.60,365,1.32,0.81,1.25,11.75,73.6,78.9,76.2,-1.44,-1.27,-1.36
Madrid (Comunidad de),Spain,"6,611.809",823.6,7.06,120,1.45,0.75,1.17,365,1.52,0.78,1.22,9.37,80.5,85.8,83.1,-2.01,-1.87,-1.94
Georgia,Cntry/Terr,"3,989.175",57.4,12.85,120,1.21,0.92,1.43,365,1.03,0.78,1.21,13.63,68.6,77.4,72.9,-0.82,-0.85,-0.83
Luxembourg,Cntry/Terr,625.976,241.7,7.14,120,1.45,0.98,1.53,365,1.12,0.76,1.18,8.42,78.7,83.0,80.8,-1.65,-1.41,-1.54
Veneto,Italy,"4,914.725",267.2,10.00,120,2.96,1.26,1.96,365,1.77,0.76,1.17,12.22,79.1,84.7,81.8,-1.77,-1.58,-1.68
Montana,U.S.A.,"1,076.137",2.9,9.71,120,1.72,1.00,1.55,365,1.30,0.75,1.17,11.21,75.1,79.8,77.4,-1.53,-1.24,-1.39
Piemonte,Italy,"4,369.052",172.3,12.30,120,2.31,0.88,1.37,365,1.98,0.75,1.17,14.76,78.1,83.9,80.9,-1.66,-1.46,-1.56
Virginia,U.S.A.,"8,614.990",84.0,8.10,120,2.02,1.36,2.11,365,1.11,0.75,1.17,9.69,75.5,80.4,77.9,-1.51,-1.28,-1.40
Kuwait,Cntry/Terr,"4,270.563",239.7,2.67,120,0.44,0.92,1.43,365,0.36,0.74,1.16,3.43,73.9,76.1,75.0,-0.94,-0.59,-0.77
Botswana,Cntry/Terr,"2,351.625",4.1,5.80,120,0.87,2.12,3.29,365,0.30,0.74,1.15,6.24,65.6,71.6,68.5,-0.75,-0.66,-0.71
Belgium,Cntry/Terr,"11,589.616",382.7,9.79,120,1.22,0.64,1.00,365,1.41,0.74,1.15,11.34,77.9,82.7,80.2,-1.56,-1.34,-1.45
Florida,U.S.A.,"21,586.295",154.3,9.70,120,1.89,0.96,1.48,365,1.45,0.73,1.14,11.60,75.4,81.2,78.2,-1.70,-1.53,-1.62
Ireland,Cntry/Terr,"4,937.796",71.7,6.05,120,1.64,1.23,1.91,365,0.97,0.73,1.14,7.37,79.2,82.7,80.9,-1.65,-1.31,-1.48
Aruba,Cntry/Terr,106.766,593.1,8.97,120,1.40,1.14,1.77,365,0.90,0.73,1.14,10.45,72.9,77.9,75.3,-1.01,-0.89,-0.95
Ukraine,Cntry/Terr,"43,733.759",75.5,15.19,120,1.83,1.28,1.99,365,1.04,0.73,1.13,15.99,66.5,76.2,71.2,-0.67,-0.75,-0.71
Colorado,U.S.A.,"5,762.204",21.4,6.79,120,0.78,0.57,0.89,365,0.97,0.72,1.12,8.23,76.3,81.3,78.7,-1.55,-1.31,-1.43
Minnesota,U.S.A.,"5,677.124",27.5,9.96,120,0.99,0.62,0.97,365,1.14,0.72,1.11,9.46,76.9,81.6,79.2,-1.55,-1.32,-1.44
Portugal,Cntry/Terr,"10,196.707",111.3,10.59,120,3.00,1.37,2.13,365,1.57,0.72,1.11,12.81,77.8,83.6,80.6,-1.47,-1.34,-1.41
Cabo Verde,Cntry/Terr,555.988,138.0,5.64,120,0.55,1.02,1.59,365,0.38,0.71,1.11,6.01,68.9,75.7,72.2,-0.79,-0.71,-0.75
North Carolina,U.S.A.,"10,501.123",83.2,9.07,120,1.70,1.13,1.75,365,1.07,0.71,1.10,10.58,74.2,79.4,76.8,-1.32,-1.13,-1.23
West Virginia,U.S.A.,"1,828.890",29.3,12.82,120,2.22,1.21,1.87,365,1.31,0.71,1.10,14.67,71.4,77.0,74.1,-1.11,-0.95,-1.03
Wyoming,U.S.A.,584.633,2.3,8.23,120,1.40,0.91,1.42,365,1.08,0.71,1.10,9.77,75.4,80.1,77.7,-1.47,-1.29,-1.38
Aragon,Spain,"1,315.017",27.6,10.26,120,1.86,0.75,1.16,365,1.75,0.70,1.09,13.30,79.5,85.2,82.3,-1.64,-1.54,-1.59
Lithuania,Cntry/Terr,"2,722.291",43.4,13.56,120,2.75,1.35,2.09,365,1.43,0.70,1.09,15.97,69.5,80.2,74.7,-0.94,-1.21,-1.07
Idaho,U.S.A.,"1,774.655",8.3,8.16,120,1.04,0.70,1.09,365,1.03,0.69,1.07,9.58,76.0,80.3,78.1,-1.41,-1.12,-1.27
Wisconsin,U.S.A.,"5,882.866",41.8,9.09,120,1.19,0.71,1.11,365,1.15,0.69,1.06,10.70,75.8,80.5,78.1,-1.36,-1.16,-1.26
Liguria,Italy,"1,557.702",192.2,14.30,120,2.50,0.83,1.29,365,2.06,0.68,1.06,16.72,78.4,84.1,81.2,-1.54,-1.38,-1.46
Puno,Peru,"1,316.375",18.3,NA,120,0.90,1.01,1.56,365,0.60,0.68,1.05,15.59,65.9,70.1,67.9,-0.69,-0.58,-0.63
"Rioja, La",Spain,315.741,62.6,10.00,120,1.67,0.70,1.08,365,1.61,0.67,1.04,12.54,79.8,85.4,82.5,-1.55,-1.52,-1.54
Ceuta,Spain,83.673,"4,183.6",6.29,120,1.64,1.29,2.00,365,0.84,0.66,1.02,7.74,77.8,81.8,79.8,-1.36,-1.08,-1.22
Italy,Cntry/Terr,"60,461.828",205.6,10.47,120,2.33,1.00,1.55,365,1.53,0.65,1.02,12.44,79.9,84.3,82.1,-1.53,-1.33,-1.43
Nebraska,U.S.A.,"1,952.141",9.8,8.79,120,0.92,0.58,0.90,365,1.03,0.65,1.01,10.08,76.1,80.7,78.4,-1.33,-1.12,-1.22
Azerbaijan,Cntry/Terr,"10,139.175",122.7,6.75,120,0.55,0.81,1.25,365,0.44,0.64,0.99,7.33,69.8,75.0,72.3,-0.74,-0.60,-0.67
Bahamas,Cntry/Terr,393.248,39.3,6.71,120,0.22,0.29,0.45,365,0.48,0.64,0.99,7.58,70.9,75.5,73.1,-0.86,-0.65,-0.76
Israel,Cntry/Terr,"8,655.541",400.0,5.33,120,1.07,0.92,1.42,365,0.74,0.63,0.98,6.20,79.9,83.4,81.6,-1.57,-1.20,-1.39
Castilla y Leon,Spain,"2,401.521",25.5,11.91,120,2.12,0.71,1.10,365,1.88,0.63,0.98,15.14,80.2,85.6,82.8,-1.58,-1.47,-1.53
Costa Rica,Cntry/Terr,"5,094.114",99.8,5.05,120,0.62,0.62,0.95,365,0.63,0.63,0.98,6.04,76.6,81.8,79.1,-1.41,-1.21,-1.32
Albania,Cntry/Terr,"2,877.800",105.0,7.82,120,1.28,0.98,1.52,365,0.82,0.63,0.97,9.28,76.0,79.5,77.7,-1.10,-0.78,-0.94
French Guiana,Cntry/Terr,298.682,3.6,2.92,120,0.30,0.56,0.86,365,0.33,0.62,0.97,3.43,76.2,82.1,79.0,-1.07,-1.10,-1.09
Serbia,Cntry/Terr,"8,737.370",99.9,13.17,120,1.37,0.88,1.37,365,0.95,0.61,0.95,14.17,72.7,78.1,75.3,-0.80,-0.66,-0.73
Melilla,Spain,85.187,"7,098.9",5.78,120,1.64,1.44,2.23,365,0.69,0.61,0.94,7.14,77.5,81.8,79.6,-1.18,-0.96,-1.08
Catalunia,Spain,"7,623.414",237.4,8.41,120,2.14,1.04,1.62,365,1.23,0.60,0.93,10.61,79.6,85.3,82.4,-1.41,-1.32,-1.37
France,Cntry/Terr,"65,273.512",119.2,9.27,120,1.85,0.90,1.40,365,1.23,0.60,0.93,10.86,78.5,84.3,81.3,-1.38,-1.31,-1.35
Sweden,Cntry/Terr,"10,099.270",24.6,9.19,120,1.59,0.83,1.29,365,1.11,0.58,0.90,10.30,79.9,83.6,81.7,-1.33,-1.09,-1.21
Utah,U.S.A.,"3,194.497",15.0,5.81,120,0.88,0.83,1.28,365,0.61,0.57,0.89,6.83,76.4,80.5,78.4,-1.20,-0.92,-1.06
Latvia,Cntry/Terr,"1,886.202",30.3,14.60,120,2.40,1.21,1.88,365,1.12,0.56,0.88,16.23,69.6,79.2,74.3,-0.73,-0.88,-0.80
Austria,Cntry/Terr,"9,006.400",109.3,9.87,120,1.34,0.70,1.09,365,1.07,0.56,0.87,11.04,78.2,83.0,80.5,-1.18,-0.99,-1.09
Abruzzo,Italy,"1,314.662",121.5,11.20,120,2.74,1.10,1.70,365,1.40,0.56,0.87,13.14,78.6,84.6,81.5,-1.31,-1.17,-1.24
Marche,Italy,"1,529.183",162.7,11.20,120,2.71,1.03,1.60,365,1.47,0.56,0.87,13.34,79.8,85.1,82.4,-1.37,-1.20,-1.29
Switzerland,Cntry/Terr,"8,654.618",219.0,8.01,120,1.05,0.55,0.86,365,1.04,0.55,0.86,9.36,80.6,84.6,82.6,-1.37,-1.14,-1.25
Russian Federation,Cntry/Terr,"145,934.460",8.9,12.72,120,1.08,0.80,1.25,365,0.73,0.55,0.85,13.59,66.6,77.2,71.8,-0.56,-0.68,-0.62
Navarra (C. Foral de),Spain,651.019,62.7,8.51,120,0.91,0.42,0.65,365,1.19,0.54,0.84,10.76,80.6,86.0,83.2,-1.32,-1.26,-1.29
Guyana,Cntry/Terr,786.559,4.0,7.42,120,0.51,0.74,1.16,365,0.36,0.54,0.83,7.96,66.1,72.5,69.3,-0.84,-0.70,-0.77
Spain,Cntry/Terr,"46,754.783",93.7,9.02,120,1.77,0.84,1.31,365,1.12,0.53,0.82,10.82,79.7,85.2,82.4,-1.25,-1.16,-1.21
Comoros,Cntry/Terr,869.595,467.3,7.27,120,0.48,1.50,2.32,365,0.17,0.53,0.82,7.28,62.3,66.0,64.1,-0.46,-0.33,-0.40
Pais Vasco,Spain,"2,202.966",304.5,9.89,120,1.65,0.68,1.06,365,1.26,0.52,0.81,12.10,80.0,85.6,82.8,-1.24,-1.20,-1.22
Turkey,Cntry/Terr,"84,339.067",109.6,5.40,120,0.68,0.81,1.27,365,0.43,0.52,0.81,6.09,74.1,79.9,76.9,-0.84,-0.77,-0.80
Kyrgyzstan,Cntry/Terr,"6,524.191",34.0,6.07,120,0.11,0.24,0.37,365,0.24,0.51,0.79,6.10,67.1,75.2,71.1,-0.42,-0.50,-0.46
Puglia,Italy,"4,034.220",206.6,9.60,120,2.54,1.15,1.78,365,1.11,0.50,0.78,11.32,79.1,84.6,81.7,-1.20,-1.03,-1.12
Malta,Cntry/Terr,441.539,"1,379.8",8.24,120,1.34,0.72,1.12,365,0.93,0.50,0.78,9.77,79.7,83.4,81.5,-1.15,-0.95,-1.05
Sao Tome and Principe,Cntry/Terr,219.161,228.3,4.87,120,0.25,0.79,1.23,365,0.16,0.49,0.76,4.83,67.6,72.6,70.0,-0.51,-0.41,-0.46
Suriname,Cntry/Terr,586.634,3.8,7.32,120,0.41,0.58,0.91,365,0.34,0.49,0.75,7.88,68.0,74.7,71.3,-0.56,-0.52,-0.54
Comunitat Valenciana,Spain,"4,976.319",214.0,8.81,120,2.66,1.32,2.05,365,0.98,0.49,0.75,10.68,79.3,84.7,81.9,-1.11,-0.97,-1.04
Uruguay,Cntry/Terr,"3,473.727",19.8,9.47,120,2.09,1.37,2.13,365,0.73,0.48,0.75,10.38,73.5,80.7,77.0,-0.78,-0.94,-0.86
New Hampshire,U.S.A.,"1,372.567",59.1,9.31,120,1.20,0.68,1.06,365,0.85,0.48,0.74,10.88,75.4,81.1,78.2,-0.95,-0.85,-0.90
Toscana,Italy,"3,740.109",295.7,11.60,120,2.02,0.76,1.19,365,1.26,0.48,0.74,13.30,79.9,85.1,82.4,-1.17,-1.02,-1.10
Extremadura,Spain,"1,063.076",25.5,10.56,120,2.07,0.88,1.36,365,1.13,0.48,0.74,12.75,79.1,84.9,81.9,-1.07,-0.98,-1.03
United Arab Emirates,Cntry/Terr,"9,890.400",118.3,1.45,120,0.28,0.86,1.33,365,0.15,0.46,0.71,1.85,76.6,78.9,77.7,-0.82,-0.58,-0.70
Campania,Italy,"5,801.773",424.5,9.20,120,1.85,0.99,1.54,365,0.84,0.45,0.70,10.53,77.4,83.4,80.3,-0.96,-0.83,-0.90
Chiapas,Mexico,"5,412.679",73.8,4.53,120,0.19,0.30,0.47,365,0.28,0.45,0.70,5.80,70.9,76.4,73.6,-0.76,-0.61,-0.69
Molise,Italy,306.556,68.8,12.10,120,2.81,1.07,1.66,365,1.19,0.45,0.70,13.79,79.0,84.9,81.9,-1.05,-0.97,-1.01
Asturias (Principado de),Spain,"1,024.060",96.6,12.64,120,1.78,0.63,0.98,365,1.27,0.45,0.70,15.11,79.1,85.1,82.0,-1.01,-0.96,-0.99
Lazio,Italy,"5,885.980",341.7,9.70,120,2.00,0.90,1.40,365,1.00,0.45,0.70,11.30,79.1,84.7,81.8,-1.07,-0.94,-1.01
Estonia,Cntry/Terr,"1,326.539",31.3,11.62,120,2.13,1.13,1.75,365,0.83,0.44,0.69,13.05,73.8,82.0,77.8,-0.71,-0.74,-0.73
Washington,U.S.A.,"7,627.572",44.2,7.70,120,0.81,0.55,0.86,365,0.64,0.44,0.68,8.58,77.0,81.7,79.3,-0.95,-0.81,-0.88
Umbria,Italy,884.495,104.7,11.40,120,2.50,0.93,1.44,365,1.17,0.43,0.67,13.24,80.3,85.3,82.7,-1.10,-0.96,-1.03
Qatar,Cntry/Terr,"2,881.060",248.2,1.19,120,0.22,0.61,0.95,365,0.15,0.43,0.67,1.52,78.3,81.3,79.8,-0.99,-0.85,-0.92
World,Global,"7,794,798.729",59.9,7.55,120,0.53,0.60,0.94,365,0.38,0.43,0.67,8.12,69.7,74.6,72.1,-0.64,-0.56,-0.60
Greece,Cntry/Terr,"10,423.056",80.9,10.81,120,1.60,0.70,1.08,365,0.98,0.43,0.66,12.44,79.0,84.0,81.4,-1.02,-0.80,-0.91
Andalucia,Spain,"8,349.380",95.3,8.33,120,1.64,0.90,1.40,365,0.77,0.42,0.66,10.10,78.7,84.1,81.3,-0.90,-0.80,-0.85
Saudi Arabia,Cntry/Terr,"34,813.867",16.2,3.47,120,0.06,0.14,0.21,365,0.19,0.42,0.66,3.88,73.5,76.5,75.0,-0.59,-0.43,-0.51
Murcia (Region de),Spain,"1,479.460",130.8,7.65,120,1.73,1.02,1.58,365,0.72,0.42,0.65,8.96,79.6,84.8,82.1,-0.95,-0.84,-0.89
Germany,Cntry/Terr,"83,783.945",240.4,11.16,120,1.78,0.82,1.27,365,0.91,0.42,0.65,12.54,78.2,83.1,80.6,-0.91,-0.77,-0.84
Curacao,Cntry/Terr,164.100,369.6,8.77,120,1.74,1.11,1.72,365,0.65,0.41,0.64,9.97,75.1,81.0,78.0,-0.83,-0.74,-0.79
Puerto Rico,Cntry/Terr,"2,860.840",322.5,9.35,120,0.85,0.43,0.67,365,0.79,0.40,0.62,11.13,75.9,82.8,79.2,-0.87,-0.83,-0.85
El Salvador,Cntry/Terr,"6,486.201",313.0,7.02,120,0.37,0.46,0.71,365,0.33,0.40,0.62,7.52,68.1,77.5,72.7,-0.58,-0.55,-0.56
Netherlands,Cntry/Terr,"17,134.873",508.2,8.72,120,1.04,0.56,0.88,365,0.74,0.40,0.62,9.89,79.8,83.3,81.5,-0.92,-0.72,-0.82
Sicilia,Italy,"5,005.165",193.9,10.40,120,1.81,0.85,1.32,365,0.83,0.39,0.60,11.65,77.8,83.8,80.7,-0.86,-0.74,-0.80
Dominican Republic,Cntry/Terr,"10,847.904",224.5,6.13,120,0.30,0.39,0.60,365,0.29,0.38,0.59,6.65,70.4,76.9,73.6,-0.71,-0.65,-0.68
Alaska,U.S.A.,745.469,0.5,5.96,120,0.58,0.51,0.80,365,0.42,0.37,0.58,7.15,75.5,80.5,77.9,-0.78,-0.74,-0.76
Zimbabwe,Cntry/Terr,"14,862.927",38.4,8.07,120,0.25,0.85,1.32,365,0.11,0.36,0.56,7.91,59.5,62.7,61.1,-0.25,-0.20,-0.22
Morocco,Cntry/Terr,"36,910.558",82.7,5.06,120,0.13,0.19,0.30,365,0.24,0.35,0.54,5.44,75.1,77.7,76.4,-0.52,-0.37,-0.44
Antigua and Barbuda,Cntry/Terr,97.928,222.6,6.34,120,0.84,0.94,1.45,365,0.30,0.33,0.51,6.90,75.4,77.9,76.6,-0.60,-0.38,-0.49
Canada,Cntry/Terr,"37,742.157",4.2,7.71,120,0.69,0.40,0.62,365,0.56,0.33,0.51,8.59,79.9,83.8,81.8,-0.79,-0.68,-0.73
Oregon,U.S.A.,"4,244.225",17.1,8.84,120,0.73,0.44,0.69,365,0.52,0.32,0.50,9.77,76.6,81.3,78.9,-0.67,-0.57,-0.62
Mauritania,Cntry/Terr,"4,649.660",4.5,7.27,120,0.07,0.22,0.34,365,0.10,0.30,0.47,7.18,63.2,66.5,64.8,-0.28,-0.20,-0.24
Equatorial Guinea,Cntry/Terr,"1,402.985",50.0,9.43,120,0.06,0.22,0.34,365,0.08,0.30,0.47,8.97,57.8,60.1,58.9,-0.22,-0.14,-0.18
Zambia,Cntry/Terr,"18,383.956",24.7,6.58,120,0.14,0.64,0.99,365,0.07,0.30,0.47,6.40,60.7,66.8,63.7,-0.23,-0.20,-0.22
Djibouti,Cntry/Terr,988.002,42.6,7.08,120,0.25,0.53,0.83,365,0.14,0.30,0.47,7.25,64.9,69.2,67.0,-0.33,-0.24,-0.28
Basilicata,Italy,564.286,56.1,11.10,120,1.48,0.61,0.95,365,0.72,0.30,0.46,12.36,78.1,84.9,81.4,-0.69,-0.63,-0.66
Maldives,Cntry/Terr,540.542,"1,801.8",2.84,120,0.14,0.31,0.48,365,0.14,0.30,0.46,2.86,77.2,80.5,78.8,-0.56,-0.44,-0.50
Philippines,Cntry/Terr,"109,581.085",367.5,5.83,120,0.22,0.42,0.65,365,0.15,0.29,0.45,6.20,67.1,75.3,71.1,-0.32,-0.36,-0.34
Balears (Illes),Spain,"1,137.723",227.9,6.70,120,0.94,0.56,0.88,365,0.48,0.29,0.45,7.97,80.5,85.5,83.0,-0.71,-0.63,-0.67
Jamaica,Cntry/Terr,"2,961.161",273.4,7.56,120,0.48,0.53,0.83,365,0.26,0.29,0.44,7.88,72.5,76.0,74.2,-0.47,-0.30,-0.39
Gambia,Cntry/Terr,"2,416.664",238.8,7.99,120,0.06,0.25,0.39,365,0.07,0.28,0.44,7.65,60.8,63.7,62.2,-0.22,-0.15,-0.18
Channel Islands,Cntry/Terr,173.859,915.0,7.81,120,0.49,0.28,0.43,365,0.49,0.28,0.44,8.56,80.6,84.4,82.5,-0.68,-0.60,-0.64
Sardegna,Italy,"1,643.577",68.2,9.90,120,1.17,0.49,0.77,365,0.65,0.27,0.42,11.25,79.4,85.4,82.4,-0.68,-0.62,-0.65
Indonesia,Cntry/Terr,"273,523.621",151.0,6.45,120,0.26,0.43,0.66,365,0.16,0.27,0.42,6.84,69.4,73.9,71.6,-0.31,-0.25,-0.28
Cantabria,Spain,579.733,109.0,10.33,120,0.86,0.36,0.55,365,0.64,0.27,0.41,11.84,80.2,86.2,83.1,-0.62,-0.63,-0.63
Guadeloupe,Cntry/Terr,400.127,245.8,8.19,120,0.43,0.23,0.35,365,0.50,0.27,0.41,9.31,78.0,84.9,81.4,-0.66,-0.67,-0.66
Maine,U.S.A.,"1,355.887",17.0,10.99,120,0.98,0.50,0.77,365,0.52,0.26,0.41,12.29,75.5,80.7,78.1,-0.51,-0.43,-0.47
Egypt,Cntry/Terr,"102,334.403",102.8,5.83,120,0.17,0.34,0.53,365,0.13,0.25,0.40,5.90,69.6,74.3,71.9,-0.28,-0.23,-0.25
Afghanistan,Cntry/Terr,"38,928.341",59.6,6.52,120,0.03,0.13,0.20,365,0.07,0.25,0.38,6.32,63.4,66.5,64.9,-0.22,-0.16,-0.19
Kazakhstan,Cntry/Terr,"18,776.707",7.0,7.13,120,0.09,0.13,0.20,365,0.18,0.25,0.38,7.45,68.9,77.4,73.0,-0.27,-0.29,-0.28
India,Cntry/Terr,"1,380,004.385",464.1,7.24,120,0.13,0.21,0.33,365,0.15,0.24,0.38,7.59,68.3,71.0,69.6,-0.30,-0.21,-0.25
Malawi,Cntry/Terr,"19,129.955",202.9,6.77,120,0.15,0.60,0.93,365,0.06,0.23,0.36,6.46,61.2,67.5,64.3,-0.18,-0.16,-0.17
Senegal,Cntry/Terr,"16,743.930",87.0,5.81,120,0.13,0.43,0.67,365,0.07,0.22,0.35,5.61,65.8,70.0,67.8,-0.21,-0.15,-0.18
Nepal,Cntry/Terr,"29,136.808",203.3,6.39,120,0.15,0.28,0.43,365,0.11,0.21,0.33,6.48,69.2,72.3,70.7,-0.24,-0.17,-0.21
Galicia,Spain,"2,697.559",91.2,11.57,120,1.12,0.40,0.63,365,0.59,0.21,0.33,13.60,80.1,86.0,83.0,-0.52,-0.49,-0.50
Denmark,Cntry/Terr,"5,792.203",136.5,9.72,120,0.62,0.34,0.53,365,0.35,0.19,0.30,10.32,78.7,82.6,80.6,-0.41,-0.35,-0.38
Vermont,U.S.A.,634.325,26.5,9.63,120,0.53,0.29,0.45,365,0.35,0.19,0.30,10.49,76.4,81.5,78.9,-0.40,-0.34,-0.37
Kenya,Cntry/Terr,"53,771.300",94.5,5.52,120,0.06,0.22,0.34,365,0.05,0.19,0.29,5.52,64.2,69.0,66.6,-0.18,-0.14,-0.16
Syrian Arab Republic,Cntry/Terr,"17,500.657",95.3,5.52,120,0.15,0.31,0.48,365,0.09,0.19,0.29,5.12,69.1,78.2,73.5,-0.23,-0.21,-0.22
Belarus,Cntry/Terr,"9,449.321",46.6,12.55,120,0.36,0.26,0.40,365,0.26,0.19,0.29,12.92,69.5,79.4,74.3,-0.20,-0.24,-0.22
Cyprus,Cntry/Terr,"1,207.361",130.7,6.99,120,0.48,0.36,0.56,365,0.24,0.18,0.29,7.67,78.7,82.8,80.7,-0.36,-0.31,-0.33
Pakistan,Cntry/Terr,"220,892.331",286.5,6.98,120,0.11,0.24,0.37,365,0.08,0.18,0.28,7.02,66.2,68.3,67.2,-0.21,-0.13,-0.17
Calabria,Italy,"1,949.987",128.1,10.10,120,0.84,0.38,0.59,365,0.40,0.18,0.28,11.15,78.7,84.8,81.7,-0.43,-0.37,-0.40
Gabon,Cntry/Terr,"2,225.728",8.6,6.91,120,0.10,0.28,0.44,365,0.06,0.17,0.26,6.82,64.3,68.6,66.4,-0.16,-0.12,-0.14
Hawaii,U.S.A.,"1,439.609",86.5,7.98,120,0.41,0.22,0.35,365,0.30,0.16,0.25,8.72,78.6,84.9,81.6,-0.44,-0.45,-0.45
Somalia,Cntry/Terr,"15,893.219",25.3,10.94,120,0.11,0.41,0.63,365,0.04,0.16,0.24,10.59,55.8,59.3,57.5,-0.12,-0.08,-0.10
Sudan,Cntry/Terr,"43,849.269",24.8,7.24,120,0.06,0.17,0.27,365,0.05,0.15,0.23,7.17,63.5,67.3,65.4,-0.16,-0.11,-0.13
Cameroon,Cntry/Terr,"26,545.864",56.2,9.36,120,0.08,0.28,0.44,365,0.04,0.15,0.23,8.99,58.2,60.8,59.4,-0.10,-0.07,-0.09
Yemen,Cntry/Terr,"29,825.968",56.5,6.01,120,0.06,0.22,0.34,365,0.04,0.14,0.22,6.02,64.4,67.8,66.1,-0.13,-0.10,-0.11
Canarias,Spain,"2,136.113",286.8,7.05,120,0.45,0.27,0.42,365,0.23,0.14,0.21,8.19,79.8,84.9,82.3,-0.32,-0.29,-0.31
Reunion,Cntry/Terr,895.308,358.1,6.21,120,0.36,0.30,0.46,365,0.17,0.14,0.21,6.55,77.3,83.5,80.3,-0.32,-0.30,-0.31
United States Virgin Islands,Cntry/Terr,104.423,298.4,8.47,120,0.12,0.07,0.11,365,0.22,0.13,0.21,9.53,77.9,83.0,80.4,-0.25,-0.25,-0.25
Guinea-Bissau,Cntry/Terr,"1,967.998",70.0,9.72,120,0.03,0.13,0.20,365,0.03,0.13,0.20,9.39,56.5,60.5,58.4,-0.08,-0.06,-0.07
Bangladesh,Cntry/Terr,"164,689.383","1,265.2",5.55,120,0.07,0.12,0.19,365,0.07,0.12,0.18,5.70,71.0,74.7,72.8,-0.17,-0.15,-0.16
Trinidad and Tobago,Cntry/Terr,"1,399.491",272.8,8.32,120,0.08,0.08,0.13,365,0.11,0.11,0.17,8.91,70.8,76.2,73.4,-0.16,-0.13,-0.15
Myanmar,Cntry/Terr,"54,409.794",83.3,8.19,120,0.03,0.05,0.08,365,0.06,0.10,0.16,8.48,64.1,70.2,67.1,-0.09,-0.08,-0.09
Mozambique,Cntry/Terr,"31,255.435",39.7,8.62,120,0.06,0.24,0.37,365,0.03,0.10,0.15,8.18,58.0,63.8,60.8,-0.07,-0.06,-0.06
Venezuela (Bolivarian Republic of),Cntry/Terr,"28,435.943",32.2,6.95,120,0.12,0.15,0.24,365,0.07,0.10,0.15,7.37,68.4,76.0,72.1,-0.13,-0.13,-0.13
Algeria,Cntry/Terr,"43,851.043",18.4,4.72,120,0.03,0.05,0.08,365,0.06,0.10,0.15,4.93,75.7,78.2,76.9,-0.19,-0.13,-0.16
Ethiopia,Cntry/Terr,"114,963.583",115.0,6.66,120,0.05,0.14,0.21,365,0.03,0.09,0.15,6.41,64.9,68.8,66.8,-0.10,-0.07,-0.09
Mali,Cntry/Terr,"20,250.834",16.6,9.82,120,0.03,0.13,0.21,365,0.02,0.09,0.15,9.25,58.7,60.4,59.5,-0.07,-0.04,-0.06
Congo,Cntry/Terr,"5,518.092",16.2,6.75,120,0.02,0.07,0.11,365,0.02,0.09,0.13,6.69,63.1,66.1,64.6,-0.07,-0.05,-0.06
Rwanda,Cntry/Terr,"12,952.209",525.0,5.32,120,0.06,0.18,0.28,365,0.03,0.08,0.13,5.27,66.9,71.3,69.0,-0.09,-0.07,-0.08
Barbados,Cntry/Terr,287.371,668.3,8.98,120,0.39,0.24,0.37,365,0.13,0.08,0.12,9.34,77.8,80.5,79.1,-0.20,-0.14,-0.17
Angola,Cntry/Terr,"32,866.268",26.4,8.33,120,0.02,0.07,0.12,365,0.02,0.08,0.12,7.88,58.6,64.2,61.3,-0.05,-0.04,-0.05
Ghana,Cntry/Terr,"31,072.945",136.6,7.35,120,0.04,0.13,0.21,365,0.02,0.08,0.12,7.25,63.1,65.4,64.2,-0.06,-0.04,-0.05
Madagascar,Cntry/Terr,"27,691.019",47.6,6.13,120,0.04,0.13,0.20,365,0.02,0.07,0.11,5.94,65.6,68.9,67.2,-0.08,-0.05,-0.07
Martinique,Cntry/Terr,375.265,354.0,9.07,120,0.23,0.11,0.17,365,0.15,0.07,0.11,9.96,79.2,85.6,82.3,-0.17,-0.18,-0.17
Central African Republic,Cntry/Terr,"4,829.764",7.8,12.39,120,0.02,0.06,0.09,365,0.02,0.07,0.11,11.83,51.3,55.7,53.4,-0.03,-0.03,-0.03
Malaysia,Cntry/Terr,"32,365.998",98.5,5.05,120,0.10,0.14,0.22,365,0.04,0.06,0.10,5.44,74.2,78.4,76.2,-0.12,-0.08,-0.10
Finland,Cntry/Terr,"5,540.718",18.2,9.73,120,0.19,0.10,0.15,365,0.13,0.06,0.10,10.21,79.1,84.7,81.9,-0.14,-0.13,-0.13
Norway,Cntry/Terr,"5,421.242",14.8,8.00,120,0.18,0.11,0.17,365,0.10,0.06,0.10,8.11,80.5,84.4,82.4,-0.15,-0.12,-0.13
Togo,Cntry/Terr,"8,278.737",152.2,8.56,120,0.02,0.07,0.11,365,0.01,0.05,0.07,8.28,60.4,62.2,61.3,-0.04,-0.02,-0.03
Nicaragua,Cntry/Terr,"6,624.554",55.0,5.06,120,0.01,0.01,0.02,365,0.03,0.05,0.07,5.22,71.1,78.1,74.5,-0.07,-0.07,-0.07
Haiti,Cntry/Terr,"11,402.533",413.7,8.57,120,0.00,0.01,0.02,365,0.02,0.04,0.07,8.49,62.0,66.4,64.2,-0.05,-0.04,-0.04
Liberia,Cntry/Terr,"5,057.677",52.5,7.60,120,0.00,0.00,0.01,365,0.01,0.04,0.07,7.41,62.8,65.7,64.2,-0.04,-0.03,-0.03
Chad,Cntry/Terr,"16,425.859",13.0,12.24,120,0.01,0.05,0.08,365,0.01,0.04,0.06,11.73,53.0,55.9,54.4,-0.03,-0.02,-0.02
Guinea,Cntry/Terr,"13,132.792",53.4,8.54,120,0.01,0.06,0.09,365,0.01,0.04,0.06,8.16,61.0,62.4,61.7,-0.03,-0.02,-0.03
Uzbekistan,Cntry/Terr,"33,469.199",78.7,5.77,120,0.00,0.01,0.01,365,0.02,0.04,0.06,5.90,69.6,73.9,71.7,-0.04,-0.03,-0.04
Iceland,Cntry/Terr,341.250,3.4,6.70,120,0.00,0.00,0.00,365,0.06,0.04,0.06,7.04,81.6,84.5,83.0,-0.09,-0.07,-0.08
Nigeria,Cntry/Terr,"206,139.587",226.3,11.97,120,0.01,0.04,0.07,365,0.01,0.04,0.06,11.48,54.0,55.9,54.9,-0.02,-0.01,-0.02
Cote d'Ivoire,Cntry/Terr,"26,378.275",83.0,10.16,120,0.02,0.06,0.09,365,0.01,0.04,0.06,9.83,56.8,59.3,58.0,-0.02,-0.02,-0.02
Cuba,Cntry/Terr,"11,326.616",106.4,8.91,120,0.13,0.09,0.13,365,0.05,0.03,0.05,9.53,76.9,80.8,78.8,-0.07,-0.06,-0.06
Sri Lanka,Cntry/Terr,"21,413.250",341.5,6.62,120,0.06,0.07,0.11,365,0.03,0.03,0.05,7.03,73.7,80.4,77.0,-0.05,-0.04,-0.05
South Sudan,Cntry/Terr,"11,193.729",18.3,10.56,120,0.01,0.04,0.07,365,0.01,0.03,0.05,10.25,56.5,59.6,58.0,-0.02,-0.02,-0.02
Sierra Leone,Cntry/Terr,"7,976.985",110.5,11.91,120,0.00,0.00,0.01,365,0.01,0.03,0.05,11.40,54.1,55.8,54.9,-0.02,-0.01,-0.02
Democratic Republic of the Congo,Cntry/Terr,"89,561.404",39.5,9.58,120,0.01,0.02,0.03,365,0.01,0.03,0.04,9.17,59.3,62.5,60.8,-0.03,-0.02,-0.02
Japan,Cntry/Terr,"126,476.458",346.9,10.43,120,0.17,0.06,0.09,365,0.08,0.03,0.04,11.67,81.5,87.7,84.5,-0.07,-0.08,-0.08
Niger,Cntry/Terr,"24,206.636",19.1,8.41,120,0.01,0.04,0.07,365,0.01,0.03,0.04,7.90,61.5,63.9,62.7,-0.02,-0.01,-0.02
Tajikistan,Cntry/Terr,"9,537.642",68.1,4.90,120,0.00,0.00,0.00,365,0.01,0.03,0.04,4.74,69.0,73.6,71.2,-0.03,-0.02,-0.02
Benin,Cntry/Terr,"12,123.198",107.5,8.96,120,0.01,0.04,0.07,365,0.01,0.03,0.04,8.60,60.5,63.6,62.0,-0.02,-0.02,-0.02
Burkina Faso,Cntry/Terr,"20,903.278",76.4,8.27,120,0.01,0.04,0.07,365,0.01,0.02,0.04,7.78,61.1,62.7,61.8,-0.02,-0.01,-0.01
Republic of Korea,Cntry/Terr,"51,269.183",527.3,5.92,120,0.05,0.04,0.06,365,0.03,0.02,0.03,6.75,80.0,86.0,82.9,-0.05,-0.05,-0.05
Australia,Cntry/Terr,"25,499.881",3.3,6.60,120,0.00,0.00,0.00,365,0.03,0.02,0.03,6.90,81.6,85.5,83.5,-0.05,-0.05,-0.05
Brunei Darussalam,Cntry/Terr,437.483,83.0,4.40,120,0.00,0.00,0.00,365,0.00,0.01,0.01,4.76,74.8,77.2,76.0,-0.01,-0.01,-0.01
Mauritius,Cntry/Terr,"1,271.767",626.5,8.30,120,0.02,0.02,0.02,365,0.01,0.01,0.01,8.88,71.8,78.6,75.1,-0.01,-0.01,-0.01
Hubei,China,"60,772.884",326.9,7.00,120,0.00,0.00,0.00,365,0.00,0.00,0.00,NA,NA,NA,NA,NA,NA,NA
Singapore,Cntry/Terr,"5,850.343","8,357.6",4.45,120,0.00,0.00,0.00,365,0.00,0.00,0.00,5.09,81.6,85.8,83.7,-0.01,0.00,-0.01
Burundi,Cntry/Terr,"11,890.781",463.0,8.04,120,0.00,0.00,0.01,365,0.00,0.00,0.00,7.66,60.0,63.7,61.8,0.00,0.00,0.00
Thailand,Cntry/Terr,"69,799.978",136.6,7.61,120,0.01,0.00,0.01,365,0.00,0.00,0.00,8.17,73.6,81.0,77.2,0.00,0.00,0.00
New Zealand,Cntry/Terr,"4,822.233",18.3,6.98,120,0.00,0.00,0.00,365,0.00,0.00,0.00,7.26,80.7,84.1,82.4,0.00,0.00,0.00
"China, Hong Kong SAR",Cntry/Terr,"7,496.988","7,140.0",6.61,120,0.02,0.01,0.02,365,0.00,0.00,0.00,7.25,82.1,87.8,84.9,0.00,0.00,0.00
United Republic of Tanzania,Cntry/Terr,"59,734.213",67.4,6.50,120,0.00,0.00,0.00,365,0.00,0.00,0.00,6.26,63.8,67.4,65.6,0.00,0.00,0.00
China,Cntry/Terr,"1,439,323.774",153.3,7.12,120,0.00,0.00,0.00,365,0.00,0.00,0.00,7.67,74.9,79.3,77.1,0.00,0.00,0.00
"China, Taiwan Province of China",Cntry/Terr,"23,816.775",672.6,7.50,120,0.00,0.00,0.00,365,0.00,0.00,0.00,8.09,78.0,83.3,80.6,0.00,0.00,0.00
Heilongjiang,China,"38,461.125",84.7,6.67,120,0.00,0.00,0.00,365,0.00,0.00,0.00,NA,NA,NA,NA,NA,NA,NA
Henan,China,"98,844.373",591.9,6.80,120,0.00,0.00,0.00,365,0.00,0.00,0.00,NA,NA,NA,NA,NA,NA,NA
Beijing,China,"22,086.180","1,314.7",5.58,120,0.00,0.00,0.00,365,0.00,0.00,0.00,NA,NA,NA,NA,NA,NA,NA
Tianjin,China,"16,016.070","1,416.7",5.42,120,0.00,0.00,0.00,365,0.00,0.00,0.00,NA,NA,NA,NA,NA,NA,NA
Hebei,China,"77,845.071",414.7,6.38,120,0.00,0.00,0.00,365,0.00,0.00,0.00,NA,NA,NA,NA,NA,NA,NA
Inner Mongolia,China,"26,044.057",22.0,5.95,120,0.00,0.00,0.00,365,0.00,0.00,0.00,NA,NA,NA,NA,NA,NA,NA
Liaoning,China,"44,623.518",305.9,7.39,120,0.00,0.00,0.00,365,0.00,0.00,0.00,NA,NA,NA,NA,NA,NA,NA
Jilin,China,"27,592.345",147.2,6.26,120,0.00,0.00,0.00,365,0.00,0.00,0.00,NA,NA,NA,NA,NA,NA,NA
Shanghai,China,"24,895.657","3,926.1",5.40,120,0.00,0.00,0.00,365,0.00,0.00,0.00,NA,NA,NA,NA,NA,NA,NA
Zhejiang,China,"59,983.359",588.1,5.58,120,0.00,0.00,0.00,365,0.00,0.00,0.00,NA,NA,NA,NA,NA,NA,NA
Anhui,China,"65,274.199",467.2,5.96,120,0.00,0.00,0.00,365,0.00,0.00,0.00,NA,NA,NA,NA,NA,NA,NA
Fujian,China,"40,737.416",335.1,6.20,120,0.00,0.00,0.00,365,0.00,0.00,0.00,NA,NA,NA,NA,NA,NA,NA
Jiangxi,China,"47,843.137",286.5,6.06,120,0.00,0.00,0.00,365,0.00,0.00,0.00,NA,NA,NA,NA,NA,NA,NA
Shandong,China,"103,253.406",671.3,7.18,120,0.00,0.00,0.00,365,0.00,0.00,0.00,NA,NA,NA,NA,NA,NA,NA
Hunan,China,"70,934.167",337.8,7.08,120,0.00,0.00,0.00,365,0.00,0.00,0.00,NA,NA,NA,NA,NA,NA,NA
Guangdong,China,"118,131.330",656.3,4.55,120,0.00,0.00,0.00,365,0.00,0.00,0.00,NA,NA,NA,NA,NA,NA,NA
Guangxi,China,"50,857.686",215.5,5.96,120,0.00,0.00,0.00,365,0.00,0.00,0.00,NA,NA,NA,NA,NA,NA,NA
Hainan,China,"9,689.620",285.0,6.01,120,0.00,0.00,0.00,365,0.00,0.00,0.00,NA,NA,NA,NA,NA,NA,NA
Chongqing,China,"32,032.139",389.2,7.54,120,0.00,0.00,0.00,365,0.00,0.00,0.00,NA,NA,NA,NA,NA,NA,NA
Sichuan,China,"85,873.612",177.1,7.01,120,0.00,0.00,0.00,365,0.00,0.00,0.00,NA,NA,NA,NA,NA,NA,NA
Guizhou,China,"37,148.668",211.1,6.85,120,0.00,0.00,0.00,365,0.00,0.00,0.00,NA,NA,NA,NA,NA,NA,NA
Yunnan,China,"49,811.822",126.4,6.32,120,0.00,0.00,0.00,365,0.00,0.00,0.00,NA,NA,NA,NA,NA,NA,NA
Shaanxi,China,"39,619.778",192.7,6.24,120,0.00,0.00,0.00,365,0.00,0.00,0.00,NA,NA,NA,NA,NA,NA,NA
Gansu,China,"27,141.188",59.7,6.65,120,0.00,0.00,0.00,365,0.00,0.00,0.00,NA,NA,NA,NA,NA,NA,NA
Xinjiang,China,"25,869.746",15.6,4.56,120,0.00,0.00,0.00,365,0.00,0.00,0.00,NA,NA,NA,NA,NA,NA,NA
Andorra,Cntry/Terr,77.265,164.4,NA,120,1.61,NA,NA,365,1.45,NA,NA,NA,NA,NA,NA,NA,NA,NA
Bermuda,Cntry/Terr,62.273,"1,245.5",NA,120,0.83,NA,NA,365,0.34,NA,NA,NA,NA,NA,NA,NA,NA,NA
Cayman Islands,Cntry/Terr,65.720,273.8,NA,120,0.00,NA,NA,365,0.02,NA,NA,NA,NA,NA,NA,NA,NA,NA
Isle of Man,Cntry/Terr,85.032,149.2,NA,120,0.14,NA,NA,365,0.08,NA,NA,NA,NA,NA,NA,NA,NA,NA
Liechtenstein,Cntry/Terr,38.137,238.4,NA,120,1.44,NA,NA,365,1.47,NA,NA,NA,NA,NA,NA,NA,NA,NA
Saint Martin (French part),Cntry/Terr,38.659,729.4,NA,120,0.00,NA,NA,365,0.23,NA,NA,NA,NA,NA,NA,NA,NA,NA
Monaco,Cntry/Terr,39.244,"26,338.3",NA,120,2.25,NA,NA,365,0.79,NA,NA,NA,NA,NA,NA,NA,NA,NA
Northern Marianas,Cntry/Terr,57.557,125.1,NA,120,0.00,NA,NA,365,0.00,NA,NA,NA,NA,NA,NA,NA,NA,NA
Montserrat,Cntry/Terr,4.999,50.0,NA,120,0.00,NA,NA,365,0.00,NA,NA,NA,NA,NA,NA,NA,NA,NA
San Marino,Cntry/Terr,33.938,565.6,NA,120,2.78,NA,NA,365,1.44,NA,NA,NA,NA,NA,NA,NA,NA,NA
Siint Maarten (Dutch part),Cntry/Terr,42.882,"1,261.2",NA,120,0.00,NA,NA,365,0.33,NA,NA,NA,NA,NA,NA,NA,NA,NA
Turks and Caicos Islands,Cntry/Terr,38.718,40.8,NA,120,0.86,NA,NA,365,0.41,NA,NA,NA,NA,NA,NA,NA,NA,NA
British Virgin Islands,Cntry/Terr,30.237,201.6,NA,120,0.00,NA,NA,365,0.00,NA,NA,NA,NA,NA,NA,NA,NA,NA