"","LocID","Location","Mid2020Pop","PopDensity","CDR_year","Days_Est","CCMR_Est","CCDR_Est","Days_Proj","CCMR_Proj","CCDR_Proj","2020_e0_M","2020_e0_F","Diff_e0_M","Diff_e0_F"
"33","0400000US36","New York",19779.5400934753,161.716855600784,"7.827",92,6.42851966181083,5.99045888727293,176,3.53081766294202,3.29021596899858,NA,NA,NA,NA
"31","0400000US34","New Jersey",9008.04331331708,468.807550082077,"8.311",88,5.82172485860626,5.40106699782616,172,3.20227960574295,2.97089387019411,NA,NA,NA,NA
"7","0400000US09","Connecticut",3613.79366520339,287.960864505912,"8.726",86,4.67027134986197,4.64468417059264,170,2.54653465875886,2.53258287010505,NA,NA,NA,NA
"22","0400000US25","Massachusetts",6985.56101543013,344.111220791325,"8,572",90,4.2745204116096,3.9854207755833,174,2.90745591663858,2.71081527246718,NA,NA,NA,NA
"9","0400000US11","District of Columbia",712.330350669185,4477.24921853667,"7.154",85,4.0676621568872,2.8168688510683,169,3.06633350955621,2.12344561001244,NA,NA,NA,NA
"19","0400000US22","Louisiana",4713.2339038201,41.7705834104667,"9.778",84,3.17006752125454,2.58013626364466,168,1.67343455543015,1.36201804925363,NA,NA,NA,NA
"40","0400000US44","Rhode Island",1070.32925478766,395.466194268486,"9.585",92,2.68527814218521,2.66870338409511,176,2.26676270108701,2.25277121066077,NA,NA,NA,NA
"23","0400000US26","Michigan",10114.527506748,68.7428043123974,"9.797",82,2.58409500237179,2.42310970430862,166,1.39160298926244,1.30490818051648,NA,NA,NA,NA
"184","56","Belgium",11589.616,382.748,"9.782",118,2.33756349274931,2.53362542492451,202,1.39894248501582,1.51627806433375,78.5577855999259,83.1793855344648,-0.947152319025633,-0.816440415996198
"21","0400000US24","Maryland",6109.60504574627,241.330883491911,"8.249",79,2.26049260837805,1.92001472398561,163,1.24761435996951,1.05969731204568,NA,NA,NA,NA
"14","0400000US17","Illinois",12887.4028923922,89.5041822807968,"8.571",83,2.08770738564842,1.84427785843956,167,1.22636156524222,1.08336613491217,NA,NA,NA,NA
"215","678","Sao Tome and Principe",219.161,228.293,"4.744",56,1.99546226929358,0.357858247720039,NA,NA,NA,NA,NA,NA,NA
"39","0400000US42","Pennsylvania",12966.1696321074,111.697691663852,"10.594",87,1.76308886537537,1.80232952428445,171,1.03630874653274,1.05937362933349,NA,NA,NA,NA
"83","218","Ecuador",17643.06,71.038,"5.1535",93,1.75909396245634,0.749039839954615,177,1.58039220587305,0.672946840940598,73.645342055365,79.1610481705407,-0.852024559092769,-0.835988093783982
"127","372","Ireland",4937.796,71.677,"6.2745",93,1.74871998066626,1.31666422728657,177,0.941333374843221,0.708758402894664,80.2162272857083,83.5200755336557,-0.606257612812897,-0.486923324827686
"8","0400000US10","Delaware",979.25385992131,193.432861219024,"9.541",82,1.72596746182822,1.66821885821194,166,0.961575118707292,0.929402078597553,NA,NA,NA,NA
"253","826","United Kingdom",67886.004,280.602,"9.421",122,1.66431247789403,1.70451924081435,206,1.13433309163964,1.16173651635345,78.9801973507234,82.432173346571,-0.809582832102862,-0.655544263767098
"15","0400000US18","Indiana",6767.58715110057,72.8452627357881,"9.839",87,1.53182105452439,1.32654623293907,171,0.858153646322092,0.743155007204775,NA,NA,NA,NA
"231","724","Spain",46754.783,93.735,"9.2625",122,1.45103751670223,1.74059197323191,206,1.1478878942284,1.37694886029197,80.0504316344502,85.548053504755,-0.879345559642886,-0.812747684809608
"70","175","Mayotte",272.813,727.501,"2.7485",79,1.43879117284726,0.356622079008355,NA,NA,NA,NA,NA,NA,NA
"6","0400000US08","Colorado",5762.20440763618,21.448126771115,"6.788",87,1.37569957470931,1.05497220979968,171,1.67449089373119,1.28410402309117,NA,NA,NA,NA
"25","0400000US28","Mississippi",3019.79792102733,24.8529947478267,"10.817",81,1.33580173784512,1.09828295777629,165,0.84627674472147,0.695800357161798,NA,NA,NA,NA
"176","528","Netherlands",17134.873,508.152,"8.9565",95,1.28676516295851,1.34342832212474,179,0.700259827450987,0.731096016681772,80.3083897871593,83.6919980688273,-0.453049052138596,-0.368563997101987
"129","380","Italy",60461.828,205.555,"10.7035",123,1.23560711519019,1.64450866421042,207,0.951337324081776,1.26616499112537,80.7351550980547,85.0127120912632,-0.734434037029899,-0.645538911640955
"194","604","Peru",32971.846,25.759,"5.6705",87,1.20977712850824,0.574923098393368,171,2.69393362869754,1.28023966743915,73.0563556270697,78.5016927606094,-1.22881013856795,-1.15583767471921
"236","752","Sweden",10099.27,24.612,"9.1355",122,1.20378795090416,1.3055399053595,206,0.85287939013214,0.924970280222407,80.5687062022711,84.142681605908,-0.644927181307395,-0.530417030366351
"254","830","Channel Islands",173.859,915.047,"7.8875",84,1.13164580545937,1.12776116606807,NA,NA,NA,NA,NA,NA,NA
"94","250","France",65273.512,119.209,"9.3895",129,1.07658585429034,1.25205173506657,213,0.712253221558709,0.828338843860412,79.3161407623166,85.0422712979873,-0.5604495332054,-0.54775261736431
"11","0400000US13","Georgia",10628.5100183138,70.8522461465029,"7.968",90,1.0711426168194,0.785516187337725,174,0.74464497677593,0.546081048305296,NA,NA,NA,NA
"238","76","Brazil",212559.409,25.431,"6.631",96,1.01729217046411,0.525780653633639,180,2.32896449992848,1.20370972333669,71.353417721155,78.5564582680254,-1.09544854815394,-1.14767584048086
"258","840","United States of America",331002.647,36.185,"8.9285",131,1,0.881048418862421,215,0.788667871043982,0.694854580790891,75.9070794126296,80.9828472735391,-0.548954062624659,-0.515762069680804
"125","364","Iran (Islamic Republic of)",83992.953,51.575,"4.846",103,0.890645593219387,0.329859156877056,NA,NA,NA,NA,NA,NA,NA
"24","0400000US27","Minnesota",5677.1238172982,27.5312287006106,"9.957",87,0.865249434312567,0.778077336599742,171,0.717563661471661,0.645270601074948,NA,NA,NA,NA
"36","0400000US39","Ohio",11827.2145731466,111.5068048666,"10.606",83,0.853390107825868,0.80346653267906,167,0.635213984684141,0.598053777637127,NA,NA,NA,NA
"150","442","Luxembourg",625.976,241.69,"7.108",92,0.831939415389987,0.699082226238983,176,0.432046765009096,0.363050732703084,80.0580717723551,84.2055364110814,-0.270647862701935,-0.249605959793925
"47","0400000US51","Virginia",8614.99030275393,84.0009897088085,"8.097",85,0.816002302283212,0.687242588468324,169,0.768834932265797,0.647517914443126,NA,NA,NA,NA
"32","0400000US35","New Mexico",2121.62429930334,6.74958578869401,"8.943",82,0.811518499815368,0.748942972739262,166,0.625752522474227,0.577501257811823,NA,NA,NA,NA
"16","0400000US19","Iowa",3194.0371444529,22.0710712322956,"9.705",84,0.749321288360959,0.729819761996135,168,0.727999594104842,0.709052977348401,NA,NA,NA,NA
"30","0400000US33","New Hampshire",1372.56699845513,59.0841859459737,"9.312",91,0.715802311654308,0.717913673062006,175,0.531704472230125,0.533272810701082,NA,NA,NA,NA
"162","484","Mexico",128932.753,66.325,"6.1355",94,0.694167271555118,0.299874284242396,178,0.0200891389444423,0.00867833504814314,72.3471972611334,77.8748491698292,-0.00968810007124432,-0.124131349210316
"29","0400000US32","Nevada",3070.50933943794,10.7965868031263,"8.224",88,0.692810249832087,0.564838180693625,172,0.588003629331417,0.479390858194293,NA,NA,NA,NA
"190","591","Panama",4314.768,58.041,"5.155",84,0.680516945425462,0.339299818669277,168,0.512067735278115,0.255312510429298,75.3021265032644,81.4487417251058,-0.328551582071213,-0.41563182909475
"1","0400000US01","Alabama",4944.68561649065,37.6184494773073,"10.921",80,0.658777166284576,0.582898534618182,164,0.424789543954558,0.375861847320428,NA,NA,NA,NA
"139","414","Kuwait",4270.563,239.65,"2.969",99,0.658473945531429,0.183525585679822,NA,NA,NA,NA,NA,NA,NA
"237","756","Switzerland",8654.618,219.016,"8.1105",128,0.590914878327663,0.634343422205347,212,0.358834174798206,0.385206240008579,81.7030862948675,85.4403220405346,-0.304566548078753,-0.276518904009791
"26","0400000US29","Missouri",6200.2997784402,34.746084408954,"10.121",85,0.582047847148578,0.53890373454216,169,0.375704869426305,0.347855864790831,NA,NA,NA,NA
"59","124","Canada",37742.157,4.15,"7.826",127,0.580185394192344,0.563058839432792,211,0.385855739043661,0.374465622177279,80.3367521398814,84.190083413202,-0.309613244716331,-0.299824174796541
"3","0400000US04","Arizona",7262.28579453694,24.6736720825327,"8.232",87,0.570503611458472,0.525406914622408,171,0.852987582517442,0.785561326765305,NA,NA,NA,NA
"165","498","Republic of Moldova",4033.963,122.799,"11.81",86,0.51538635655032,0.311223755963818,NA,NA,NA,NA,NA,NA,NA
"246","792","Turkey",84339.067,109.584,"5.514",82,0.50788112835962,0.240267092817429,166,0.262965934765632,0.124403245421276,74.8105941727492,80.5307766212299,-0.112956879209435,-0.183540056243757
"48","0400000US53","Washington",7627.57249830313,44.231811914398,"7.696",131,0.493788755352548,0.409510695542895,215,0.322880561449347,0.267772487451643,NA,NA,NA,NA
"18","0400000US21","Kentucky",4519.89263404729,43.9222386302086,"10.824",87,0.460190843654478,0.401153868154943,171,0.293134975272879,0.255529267571673,NA,NA,NA,NA
"41","0400000US45","South Carolina",5145.40847335931,65.9770947937923,"9.84",86,0.458719336740024,0.408591874466026,170,0.344774129546036,0.307098255023955,NA,NA,NA,NA
"197","620","Portugal",10196.707,111.33,"10.8685",91,0.447448775908199,0.556158866876239,175,0.269567438123612,0.335060299649401,79.0718719193362,84.7934992992958,-0.158219445115094,-0.164478316702159
"97","262","Djibouti",988.002,42.623,"7.0525",75,0.442807684722127,0.118542270157348,NA,NA,NA,NA,NA,NA,NA
"82","214","Dominican Republic",10847.904,224.501,"6.2525",92,0.425235934856231,0.184098878135513,176,0.265443733117647,0.11491948226714,71.0093396937953,77.181959905805,-0.137481972051631,-0.324421299138479
"34","0400000US37","North Carolina",10501.1233400633,83.2234901312513,"9.068",90,0.423085697655719,0.36286276651272,174,0.351414691414364,0.301393565952196,NA,NA,NA,NA
"5","0400000US06","California",40011.0151594934,99.0443494032943,"6.783",111,0.421352118860032,0.343813429114167,195,0.744571573210974,0.607552909664215,NA,NA,NA,NA
"37","0400000US40","Oklahoma",3989.49218921873,22.4283252915701,"10.291",86,0.416433763539456,0.356296439007061,170,0.227762043416492,0.194870858502276,NA,NA,NA,NA
"10","0400000US12","Florida",21586.2951488317,154.349889876025,"9.704",91,0.407456104801894,0.456672535231302,175,0.320484129482087,0.359195256095476,NA,NA,NA,NA
"244","784","United Arab Emirates",9890.4,118.306,"1.619",125,0.404700430761813,0.0781557874302354,NA,NA,NA,NA,NA,NA,NA
"35","0400000US38","North Dakota",769.967223908964,4.30882991769764,"8.492",81,0.388584732712987,0.357975795684283,165,0.298940029212144,0.275392432615568,NA,NA,NA,NA
"80","208","Denmark",5792.203,136.512,"9.881",96,0.369014075017123,0.377813933662201,180,0.213956503633807,0.219058712778771,78.9801803956079,82.8336147783488,-0.126819530858342,-0.132082103430207
"46","0400000US50","Vermont",634.324811868138,26.4789659234147,"9.632",85,0.365247724105657,0.373347415993866,169,0.188632505522361,0.192815598459006,NA,NA,NA,NA
"251","807","North Macedonia",2083.38,82.608,"10.2455",96,0.355526266251072,0.243384548186121,NA,NA,NA,NA,NA,NA,NA
"28","0400000US31","Nebraska",1952.14075671848,9.80417549774942,"8.79",101,0.350799803919263,0.315571303882795,185,0.534914111393925,0.481196231331811,NA,NA,NA,NA
"17","0400000US20","Kansas",2945.53924073719,13.8991931013034,"9.29",85,0.346949297156548,0.314293794860685,169,0.184053858449128,0.166730372722521,NA,NA,NA,NA
"65","152","Chile",19116.209,25.71,"6.3585",90,0.336672183299667,0.224221584241241,174,1.97769061935819,1.3171296763084,76.8426580614164,81.5435765988742,-1.14074849788848,-1.01491764439163
"50","0400000US55","Wisconsin",5882.86579152031,41.8196162965892,"9.09",117,0.331850793381031,0.314795118829126,201,0.26062075648004,0.247225993253149,NA,NA,NA,NA
"118","340","Honduras",9904.608,88.521,"4.4775",82,0.324352122014872,0.0955357246282765,166,0.68451883077823,0.201620393644597,72.7956012421065,77.285585500928,-0.329788877831263,-0.423870821600403
"42","0400000US46","South Dakota",893.131808596811,4.54356759656231,"9.194",82,0.323399067031705,0.309844196179557,166,0.208733889400873,0.1999850672745,NA,NA,NA,NA
"148","44","Bahamas",393.248,39.286,"6.972",77,0.313900075010899,0.13295862734385,NA,NA,NA,NA,NA,NA,NA
"44","0400000US48","Texas",28999.3205389879,42.7492802680294,"6.999",101,0.303762580835972,0.209308420589976,185,0.200502364065255,0.138156691425125,NA,NA,NA,NA
"284","Ch17","Hubei",60772.8837347496,326.911693032542,"7",152,0.302304370821731,0.178770865967964,NA,NA,NA,NA,NA,NA,NA
"259","850","United States Virgin Islands",104.423,298.351,"9.0515",77,0.290905858914876,0.273114931762931,NA,NA,NA,NA,NA,NA,NA
"171","51","Armenia",2963.234,104.083,"9.797",92,0.285433657763291,0.175872770733949,NA,NA,NA,NA,NA,NA,NA
"240","762","Tajikistan",9537.642,68.145,"4.7455",32,0.281506785546387,0.0563622014749558,NA,NA,NA,NA,NA,NA,NA
"216","68","Bolivia (Plurinational State of)",11673.029,10.775,"6.7945",83,0.2805860204494,0.118239821683805,NA,NA,NA,NA,NA,NA,NA
"103","28","Antigua and Barbuda",97.928,222.564,"6.506",80,0.276447422011936,0.140153990687035,NA,NA,NA,NA,NA,NA,NA
"85","226","Equatorial Guinea",1402.985,50.017,"8.936",79,0.268982927432642,0.0396261804002614,NA,NA,NA,NA,NA,NA,NA
"111","316","Guam",168.783,312.561,"5.355",77,0.258209552813746,0.140809404775563,NA,NA,NA,NA,NA,NA,NA
"43","0400000US47","Tennessee",6847.75190836955,64.142451499127,"10.437",88,0.257267055936324,0.221081182724909,172,0.265350960605782,0.228028046554227,NA,NA,NA,NA
"20","0400000US23","Maine",1355.88706542597,16.9615002598975,"10.986",85,0.252970425370077,0.282636761706529,169,0.239120687222583,0.267162837690452,NA,NA,NA,NA
"13","0400000US16","Idaho",1774.65462985216,8.28020356865584,"8.16",80,0.250382611889598,0.21139324445977,164,0.145478453434712,0.122824672362286,NA,NA,NA,NA
"201","634","Qatar",2881.06,248.153,"1.3245",93,0.249511317795043,0.0519074184837435,NA,NA,NA,NA,NA,NA,NA
"45","0400000US49","Utah",3194.49688342685,15.0106401245532,"5.814",86,0.248643727881204,0.150542321465125,170,0.244467099474719,0.148013565394875,NA,NA,NA,NA
"102","276","Germany",83783.945,240.372,"11.451",126,0.239676855613004,0.296079000179171,210,0.15400649652976,0.19024819646021,79.0234680313097,83.7285361404004,-0.112116195421422,-0.116331590651015
"120","348","Hungary",9660.35,106.709,"12.7395",89,0.232049315421862,0.223915398882598,173,0.121727175668135,0.117460329693412,73.316920484383,80.2900491023255,-0.04718549857445,-0.0779597142297348
"222","70","Bosnia and Herzegovina",3280.815,64.33,"11.08",89,0.227708399601043,0.191778875442826,NA,NA,NA,NA,NA,NA,NA
"217","682","Saudi Arabia",34813.867,16.195,"3.5785",91,0.218856369288626,0.0581106070479026,NA,NA,NA,NA,NA,NA,NA
"204","642","Romania",19237.682,83.58,"13.2095",116,0.218639506745682,0.207636672436007,200,0.134073693482048,0.127326556806584,72.6814971118423,79.505512429635,-0.0597177352059219,-0.106179503609951
"4","0400000US05","Arkansas",3049.5754276191,22.6103663880071,"10.847",82,0.217138835498978,0.194661243976816,166,0.490672057293929,0.439879088593293,NA,NA,NA,NA
"221","694","Sierra Leone",7976.985,110.515,"11.3755",62,0.206648508200283,0.0340414814741126,NA,NA,NA,NA,NA,NA,NA
"135","40","Austria",9006.4,109.289,"9.93",128,0.196989042113738,0.212078355391721,212,0.114354153127153,0.123113653770736,79.2889165576739,83.8827064440556,-0.0829884592755832,-0.0924408167390283
"58","120","Cameroon",26545.864,56.157,"8.946",88,0.196808577827345,0.0299250521149496,NA,NA,NA,NA,NA,NA,NA
"200","630","Puerto Rico",2860.84,322.53,"9.831",80,0.195905159754536,0.217488569790691,164,0.0871532025448884,0.0967551104724146,76.6872723759391,83.5292549327612,-0.0494503134737982,-0.0851530493712147
"226","705","Slovenia",2078.932,103.224,"10.2005",89,0.19346662608792,0.213636055176732,173,0.0973597083596612,0.10750972634248,78.6908856681707,84.0758106488371,-0.0535757221790476,-0.0662972572560676
"178","533","Aruba",106.766,593.144,"9.376",77,0.192395734401278,0.133560686545719,NA,NA,NA,NA,NA,NA,NA
"49","0400000US54","West Virginia",1828.89026653289,29.3165619905823,"12.818",76,0.189063753331428,0.197488180201773,160,0.127790901042595,0.133485091925612,NA,NA,NA,NA
"160","48","Bahrain",1701.583,2238.925,"2.4675",98,0.181748459931038,0.0417018644835247,NA,NA,NA,NA,NA,NA,NA
"88","233","Estonia",1326.539,31.294,"11.8895",96,0.181656773458071,0.195433379644323,180,0.0869245470484463,0.0935167881733343,74.4303236742944,82.7204877784251,-0.0405426633529373,-0.0563081456572405
"128","376","Israel",8655.541,399.979,"5.32",101,0.180799691798578,0.119319205723562,185,0.12205847717069,0.0805527952119482,81.4157115587396,84.5172684499828,-0.0924013816975275,-0.0905996642986224
"115","328","Guyana",786.559,3.996,"7.6665",81,0.178657577515623,0.0689359885554958,NA,NA,NA,NA,NA,NA,NA
"187","578","Norway",5421.242,14.842,"7.951",96,0.178072161478239,0.1659675033876,180,0.0977557815185785,0.0911107208766306,80.5686878402544,84.4174309041698,-0.0639996745090201,-0.0703165061582638
"98","266","Gabon",2225.728,8.638,"6.692",80,0.171553723226558,0.0349436229404491,NA,NA,NA,NA,NA,NA,NA
"228","710","South Africa",59308.69,48.891,"9.4545",88,0.169136439349994,0.0478961698683463,NA,NA,NA,NA,NA,NA,NA
"172","512","Oman",5106.622,16.5,"2.454",98,0.167232958528906,0.0358358225848712,NA,NA,NA,NA,NA,NA,NA
"134","4","Afghanistan",38928.341,59.627,"6.2065",98,0.164652014194257,0.0246559781864481,NA,NA,NA,NA,NA,NA,NA
"68","170","Colombia",50882.884,45.861,"5.727",87,0.154096439509097,0.0757330744338177,171,0.373103274152848,0.183367364768027,74.4934486464867,79.8941218447157,-0.20348603709617,-0.264756373897526
"38","0400000US41","Oregon",4244.22531758762,17.0693214041612,"8.84",93,0.152947148029013,0.141870185299283,177,0.0928713244234332,0.0861452611227702,NA,NA,NA,NA
"156","466","Mali",20250.834,16.596,"9.2345",68,0.151198531274678,0.0204653880660218,NA,NA,NA,NA,NA,NA,NA
"155","462","Maldives",540.542,1801.807,"2.7935",86,0.151188219160927,0.0393661727811009,NA,NA,NA,NA,NA,NA,NA
"227","706","Somalia",15893.219,25.334,"10.543",77,0.150635639179418,0.0233277630386423,NA,NA,NA,NA,NA,NA,NA
"110","312","Guadeloupe",400.127,245.778,"8.491",80,0.150627358928105,0.160074176448977,NA,NA,NA,NA,NA,NA,NA
"93","246","Finland",5540.718,18.233,"9.8955",124,0.149359745128689,0.170468182829781,208,0.0881150778448955,0.10056804252834,79.2108709047403,84.7613969977671,-0.0639536649445915,-0.071921692139199
"233","729","Sudan",43849.269,24.843,"7.0635",80,0.148324764161754,0.0298397220715356,NA,NA,NA,NA,NA,NA,NA
"198","624","Guinea-Bissau",1967.998,69.986,"9.3155",68,0.146678933466475,0.0218795057359874,NA,NA,NA,NA,NA,NA,NA
"69","174","Comoros",869.595,467.273,"7.087",32,0.146009376943127,0.0263053490417953,NA,NA,NA,NA,NA,NA,NA
"51","0400000US56","Wyoming",584.632619484906,2.32457558578305,"8.23",81,0.142571371749448,0.123661071734234,165,0.167668140780937,0.145429069877329,NA,NA,NA,NA
"64","148","Chad",16425.859,13.045,"11.7515",75,0.139518961268527,0.0193110144193981,NA,NA,NA,NA,NA,NA,NA
"145","430","Liberia",5057.677,52.509,"7.3355",77,0.138511061928351,0.0253748237259244,NA,NA,NA,NA,NA,NA,NA
"121","352","Iceland",341.25,3.404,"6.7915",92,0.137588961068001,0.116579073100812,176,0.184996488412718,0.156747452547453,81.5561419045359,84.4943126903024,-0.126189899997527,-0.107288711538942
"219","688","Serbia",8737.37,99.901,"13.226",88,0.131554526004996,0.115670858726263,172,0.0738451600078825,0.0649292223557986,73.4969881847829,78.6619783948795,-0.0268354113221108,-0.0594394368477964
"158","474","Martinique",375.265,354.024,"9.401",86,0.131428059378072,0.158771522387745,NA,NA,NA,NA,NA,NA,NA
"174","52","Barbados",287.371,668.305,"9.136",75,0.127424024149686,0.11887072808321,NA,NA,NA,NA,NA,NA,NA
"205","643","Russian Federation",145934.46,8.911,"12.885",122,0.126833802876395,0.0964748147901462,NA,NA,NA,NA,NA,NA,NA
"159","478","Mauritania",4649.66,4.511,"7.062",79,0.126384455005813,0.0229171513670497,NA,NA,NA,NA,NA,NA,NA
"78","203","Czechia",10708.982,138.646,"10.682",92,0.122308882613451,0.118876236626494,176,0.0733970479404175,0.0713371314676019,76.8592709061726,82.0042031980545,-0.0363450023131833,-0.0493760379443131
"55","112","Belarus",9449.321,46.569,"12.561",95,0.120477772121039,0.0958130664682289,NA,NA,NA,NA,NA,NA,NA
"196","616","Poland",37846.605,123.589,"10.37",90,0.120322813146342,0.114328176419875,174,0.0708165422859525,0.067288371408561,74.9497108014272,82.6100776950078,-0.0341740063490334,-0.0610101470838771
"60","132","Cabo Verde",555.988,137.962,"5.5645",74,0.116944222739665,0.0355831129157172,NA,NA,NA,NA,NA,NA,NA
"264","887","Yemen",29825.968,56.492,"5.968",52,0.115517860560293,0.0188787476428903,NA,NA,NA,NA,NA,NA,NA
"252","818","Egypt",102334.403,102.802,"5.771",108,0.113192788669623,0.0317580828066632,192,0.10544698341978,0.0295848708254056,69.8370208044888,74.3399514855649,-0.0350945880514359,-0.170448937093994
"57","12","Algeria",43851.043,18.411,"4.728",128,0.113142011252663,0.0425798737557964,NA,NA,NA,NA,NA,NA,NA
"189","586","Pakistan",220892.331,286.546,"6.8595",96,0.103812221911718,0.0255958976683532,NA,NA,NA,NA,NA,NA,NA
"71","178","Congo",5518.092,16.158,"6.621",79,0.103161608826244,0.0167917149348183,NA,NA,NA,NA,NA,NA,NA
"126","368","Iraq",40222.503,92.61,"4.738",98,0.0989288580244092,0.0190344257019002,NA,NA,NA,NA,NA,NA,NA
"113","320","Guatemala",17915.567,167.185,"4.722",79,0.0980298599671844,0.0279284730636628,NA,NA,NA,NA,NA,NA,NA
"2","0400000US02","Alaska",745.468966380582,0.504626932076,"5.962",80,0.0967566742687882,0.0613707639932034,164,0.049312880446567,0.0312781435552872,NA,NA,NA,NA
"185","562","Niger",24206.636,19.11,"7.8865",75,0.0937947276594709,0.012902247135868,NA,NA,NA,NA,NA,NA,NA
"166","499","Montenegro",628.062,46.696,"10.768",76,0.0900956713012215,0.0690092781654644,NA,NA,NA,NA,NA,NA,NA
"195","608","Philippines",109581.085,367.512,"6.0025",124,0.0871785202471359,0.0257772000376442,208,0.0526909979025882,0.0155798284860511,67.3591113929541,75.4081794561733,-0.0188487536139235,-0.205529540983875
"149","440","Lithuania",2722.291,43.436,"13.997",95,0.0850862504098665,0.0990651662611807,179,0.0493255451153979,0.0574292944423091,70.4329965278971,81.3531217262947,-0.0195660795016721,-0.0640583104868142
"257","84","Belize",397.621,17.432,"4.8065",70,0.0844750940084069,0.0262992720634545,NA,NA,NA,NA,NA,NA,NA
"52","100","Bulgaria",6948.445,64.006,"15.5085",86,0.0843859523476091,0.0857478117029597,170,0.0808896366954092,0.0821950708988507,71.665416890608,78.6943845911436,-0.0270951867633471,-0.0729541120265509
"260","854","Burkina Faso",20903.278,76.401,"7.755",83,0.0826956992751688,0.0111805834172752,NA,NA,NA,NA,NA,NA,NA
"157","470","Malta",441.539,1379.809,"8.6025",86,0.0825804907668488,0.0867473214855208,NA,NA,NA,NA,NA,NA,NA
"76","196","Cyprus",1207.361,130.667,"7.201",84,0.0822016457368451,0.0613498602086936,168,0.0290123455541806,0.0216528918383625,79.0751015355707,83.1015563764435,-0.0149339878735049,-0.0416603516662377
"250","804","Ukraine",43733.759,75.492,"15.193",90,0.0813736732968227,0.065834725069025,174,0.053792171362953,0.0435201296570223,67.1790333424259,76.8763032698987,-0.0140435533967604,-0.0713189206454388
"112","32","Argentina",45195.777,16.515,"7.6115",90,0.0810933807965741,0.0484986314834975,174,0.412069340176137,0.246441804232865,73.2323898993445,79.8532941370581,-0.171860654520543,-0.253225515186429
"183","558","Nicaragua",6624.554,55.049,"5.102",75,0.0791622209592862,0.0257828677975906,NA,NA,NA,NA,NA,NA,NA
"84","222","El Salvador",6486.201,313.041,"7.1055",75,0.0755727337893066,0.0346088565556325,NA,NA,NA,NA,NA,NA,NA
"27","0400000US30","Montana",1076.13721279004,2.85454426828351,"9.71",82,0.0720037790561323,0.0705096412229469,166,0.0334760536432545,0.0327813979056003,NA,NA,NA,NA
"124","360","Indonesia",273523.621,150.987,"6.604",92,0.0682650630899021,0.0234602582371074,NA,NA,NA,NA,NA,NA,NA
"116","332","Haiti",11402.533,413.735,"8.422",74,0.0682252698541042,0.019085375295263,NA,NA,NA,NA,NA,NA,NA
"248","8","Albania",2877.8,105.029,"8.262",85,0.0669266403789045,0.0493759530360202,NA,NA,NA,NA,NA,NA,NA
"74","191","Croatia",4105.268,73.361,"13.224",128,0.0662281902526136,0.0717409009594502,212,0.0389793966209997,0.0422239687024501,75.451757330229,81.6474165332185,-0.0204480398254248,-0.0539491093989852
"109","31","Azerbaijan",10139.175,122.664,"6.893",93,0.062484428511213,0.0244532206881692,NA,NA,NA,NA,NA,NA,NA
"161","480","Mauritius",1271.767,626.486,"8.7075",75,0.0621126616237264,0.0383718086725005,NA,NA,NA,NA,NA,NA,NA
"218","686","Senegal",16743.93,86.968,"5.5175",91,0.061287239004201,0.0100886158102116,NA,NA,NA,NA,NA,NA,NA
"267","96","Brunei Darussalam",437.483,83.014,"4.678",84,0.0593201841507717,0.0199191413478597,NA,NA,NA,NA,NA,NA,NA
"169","504","Morocco",36910.558,82.703,"5.092",91,0.0569184586904155,0.0223379309114074,NA,NA,NA,NA,NA,NA,NA
"114","324","Guinea",13132.792,53.446,"8.1145",80,0.0539133281928247,0.00801238609428978,NA,NA,NA,NA,NA,NA,NA
"167","50","Bangladesh",164689.383,1265.187,"5.5395",85,0.0521138199865948,0.0169945595667923,NA,NA,NA,NA,NA,NA,NA
"106","300","Greece",10423.056,80.862,"11.091",96,0.0491309591714033,0.0640107373499672,180,0.0285560738968838,0.0372045524204545,79.9677770615278,84.7333512084625,-0.0198573330823137,-0.0400843625709371
"12","0400000US15","Hawaii",1439.60939086402,86.533188523068,"7.979",86,0.0476841579826906,0.0502558802883887,170,0.024829322505253,0.026168428095527,NA,NA,NA,NA
"95","254","French Guiana",298.682,3.634,"3.003",86,0.0472715818649817,0.0142486455611265,NA,NA,NA,NA,NA,NA,NA
"144","428","Latvia",1886.202,30.325,"14.7755",91,0.0452393972175671,0.0511755753241024,175,0.0258661531521115,0.0292602322399343,70.3609665530237,80.0348341571336,-0.00949749895269747,-0.0528724027328309
"243","780","Trinidad and Tobago",1399.491,272.805,"8.6725",80,0.0451858646678103,0.0261523653957046,NA,NA,NA,NA,NA,NA,NA
"140","417","Kyrgyzstan",6524.191,34.016,"5.931",75,0.0441428853823844,0.0119677673446409,NA,NA,NA,NA,NA,NA,NA
"242","768","Togo",8278.737,152.211,"8.2255",87,0.0409359599862019,0.00660603847814151,NA,NA,NA,NA,NA,NA,NA
"235","748","Eswatini",1160.164,67.451,"9.1725",79,0.0393376069526839,0.00798664911582339,NA,NA,NA,NA,NA,NA,NA
"75","192","Cuba",11326.616,106.413,"9.29",81,0.0381018373984414,0.0331111284285648,165,0.0183725891423294,0.0159660845826246,76.9716475837184,80.8462350644289,-0.00962827544621803,-0.0487150519489603
"137","404","Kenya",53771.3,94.478,"5.431",80,0.0363727856794798,0.00544528400838365,NA,NA,NA,NA,NA,NA,NA
"186","566","Nigeria",206139.587,226.336,"11.4795",95,0.0354533344838563,0.00536386668494633,NA,NA,NA,NA,NA,NA,NA
"130","384","Côte d'Ivoire",26378.275,82.951,"9.775",82,0.0344353742488911,0.00558386334689548,NA,NA,NA,NA,NA,NA,NA
"261","858","Uruguay",3473.727,19.848,"9.4765",78,0.0342892769294998,0.0297175826513624,NA,NA,NA,NA,NA,NA,NA
"245","788","Tunisia",11818.618,76.072,"6.281",91,0.03426381218324,0.01633481554738,NA,NA,NA,NA,NA,NA,NA
"142","422","Lebanon",6825.442,667.199,"4.5865",101,0.0338976582526199,0.0143348348954421,NA,NA,NA,NA,NA,NA,NA
"122","356","India",1380004.385,464.149,"7.3265",124,0.0330964075109555,0.011566863666629,NA,NA,NA,NA,NA,NA,NA
"232","728","South Sudan",11193.729,18.322,"10.2335",57,0.0311253478459537,0.0057362945195287,NA,NA,NA,NA,NA,NA,NA
"104","288","Ghana",31072.945,136.56,"7.1855",80,0.0286377745749151,0.00530043096977129,NA,NA,NA,NA,NA,NA,NA
"224","703","Slovakia",5459.643,113.534,"10.117",87,0.0267979745894814,0.0215752391590944,171,0.0107124735514343,0.00862468833552773,74.1572763014984,81.010324440361,-0.0043780331533867,-0.0415338449389679
"154","458","Malaysia",32365.998,98.512,"5.2655",128,0.0264081497093979,0.0101596782215707,212,0.0161218742710239,0.00620236770560009,74.3414600786603,78.3823012051903,-0.00971827114307189,-0.0560890620645011
"131","388","Jamaica",2961.161,273.422,"7.626",83,0.0262547259374909,0.0134024279625295,NA,NA,NA,NA,NA,NA,NA
"133","398","Kazakhstan",18776.707,6.955,"7.237",79,0.0242454733435807,0.00986948647045526,NA,NA,NA,NA,NA,NA,NA
"72","180","Democratic Republic of the Congo",89561.404,39.506,"9.1665",83,0.0215153996990715,0.00354498658711977,NA,NA,NA,NA,NA,NA,NA
"182","554","New Zealand",4822.233,18.314,"7.1075",95,0.0203549884695959,0.0175764826661926,NA,NA,NA,NA,NA,NA,NA
"234","740","Suriname",586.634,3.76,"7.4605",79,0.019830077278379,0.00789744779948837,NA,NA,NA,NA,NA,NA,NA
"193","600","Paraguay",7132.53,17.953,"5.604",85,0.0182769699204355,0.00664065988959779,NA,NA,NA,NA,NA,NA,NA
"138","410","Republic of Korea",51269.183,527.298,"6.4015",134,0.017110289513844,0.0144374063821291,NA,NA,NA,NA,NA,NA,NA
"223","702","Singapore",5850.343,8357.633,"4.828",130,0.0158962871069512,0.0110683845637506,NA,NA,NA,NA,NA,NA,NA
"99","268","Georgia",3989.175,57.406,"12.769",96,0.0153439774416434,0.0114685367275188,180,1.88171170757174,1.40644626929127,68.9006559150473,77.6019539619969,-0.564292563527928,-0.626631601406118
"136","400","Jordan",10203.14,114.926,"3.931",91,0.0149591330131508,0.00354771199824781,NA,NA,NA,NA,NA,NA,NA
"73","188","Costa Rica",5094.114,99.767,"5.2355",86,0.0147005354817476,0.00835437517395247,NA,NA,NA,NA,NA,NA,NA
"265","894","Zambia",18383.956,24.73,"6.327",75,0.014678520669301,0.00185814195812914,NA,NA,NA,NA,NA,NA,NA
"100","270","Gambia",2416.664,238.801,"7.552",75,0.0141710827496594,0.00201931257303456,NA,NA,NA,NA,NA,NA,NA
"146","434","Libya",6871.287,3.905,"5.145",69,0.0138637125215093,0.00385979207831586,NA,NA,NA,NA,NA,NA,NA
"66","156","China",1439323.774,153.312,"7.472",152,0.0131207126814759,0.00775907130223897,NA,NA,NA,NA,NA,NA,NA
"101","275","State of Palestine",5101.416,847.411,"3.458",89,0.013016637875123,0.00241836357820758,NA,NA,NA,NA,NA,NA,NA
"123","36","Australia",25499.881,3.319,"6.659",129,0.012939951137974,0.0114601537999152,NA,NA,NA,NA,NA,NA,NA
"62","140","Central African Republic",4829.764,7.753,"11.864",79,0.0127228885177102,0.0019184835500886,NA,NA,NA,NA,NA,NA,NA
"132","392","Japan",126476.458,346.934,"10.975",139,0.0117783533717475,0.0186953210344609,223,0.0099807226986409,0.0158420119619267,81.5850202561956,87.7507149227693,-0.0091100012003551,-0.027534015948163
"256","834","United Republic of Tanzania",59734.213,67.435,"6.213",77,0.0112601043114151,0.00167103870303241,NA,NA,NA,NA,NA,NA,NA
"230","72","Botswana",2351.625,4.149,"5.86",62,0.0108778540721276,0.00251027515290559,NA,NA,NA,NA,NA,NA,NA
"153","454","Malawi",19129.955,202.906,"6.3675",60,0.00883647383669263,0.00127548653407705,NA,NA,NA,NA,NA,NA,NA
"229","716","Zimbabwe",14862.927,38.42,"7.8465",74,0.00814446877871464,0.00133108261809964,NA,NA,NA,NA,NA,NA,NA
"262","860","Uzbekistan",33469.199,78.677,"5.8265",78,0.00739282239539867,0.00210296683182096,NA,NA,NA,NA,NA,NA,NA
"202","638","Réunion",895.308,358.123,"6.3255",81,0.00735099479746998,0.00504688723715025,NA,NA,NA,NA,NA,NA,NA
"79","204","Benin",12123.198,107.513,"8.5835",77,0.00650851770604985,0.00117623586282599,NA,NA,NA,NA,NA,NA,NA
"152","450","Madagascar",27691.019,47.596,"5.85",73,0.00607447851313975,0.00108635192445688,NA,NA,NA,NA,NA,NA,NA
"239","760","Syrian Arab Republic",17500.657,95.304,"4.796",71,0.00534304931035563,0.00147278172969872,NA,NA,NA,NA,NA,NA,NA
"263","862","Venezuela (Bolivarian Republic of)",28435.943,32.238,"7.1435",80,0.00521893877795902,0.00225243101661865,NA,NA,NA,NA,NA,NA,NA
"91","24","Angola",32866.268,26.363,"7.8895",73,0.00458796790241985,0.000610193847398431,NA,NA,NA,NA,NA,NA,NA
"54","108","Burundi",11890.781,463.037,"7.656",62,0.00363833750820344,0.000496454001335288,NA,NA,NA,NA,NA,NA,NA
"241","764","Thailand",69799.978,136.624,"7.9525",141,0.00305079419960349,0.00211973486307561,NA,NA,NA,NA,NA,NA,NA
"288","Ch21","Hainan",9689.61955953068,284.988810574432,"6.01",127,0.00301765489520792,0.00178452192848681,NA,NA,NA,NA,NA,NA,NA
"175","524","Nepal",29136.808,203.256,"6.311",129,0.00266470113461443,0.000779003465946052,NA,NA,NA,NA,NA,NA,NA
"63","144","Sri Lanka",21413.25,341.465,"6.869",126,0.00252997382605264,0.00135652547126751,NA,NA,NA,NA,NA,NA,NA
"86","231","Ethiopia",114963.583,114.964,"6.3285",80,0.00229152481591336,0.000437747316904693,NA,NA,NA,NA,NA,NA,NA
"170","508","Mozambique",31255.435,39.746,"8.1175",71,0.00221700932689755,0.000329858124032815,NA,NA,NA,NA,NA,NA,NA
"206","646","Rwanda",12952.209,525.019,"5.1125",78,0.00203805936755703,0.000362278565170443,NA,NA,NA,NA,NA,NA,NA
"268","Ch01","Beijing",22086.1804563271,1314.6535985909,"5.58",135,0.00186817214612802,0.0011047632273153,NA,NA,NA,NA,NA,NA,NA
"53","104","Myanmar",54409.794,83.286,"8.314",70,0.00180146333872214,0.000576576867235126,NA,NA,NA,NA,NA,NA,NA
"275","Ch08","Heilongjiang",38461.1248336503,84.7161339948246,"6.67",127,0.00164720031936503,0.000974089215829576,NA,NA,NA,NA,NA,NA,NA
"119","344","China, Hong Kong SAR",7496.988,7139.989,"6.8835",131,0.00144355090705388,0.00149067499095423,NA,NA,NA,NA,NA,NA,NA
"276","Ch09","Shanghai",24895.6574503074,3926.14058512969,"5.4",134,0.0012986688088279,0.000767981445086864,NA,NA,NA,NA,NA,NA,NA
"283","Ch16","Henan",98844.3730728844,591.882473490326,"6.8",132,0.00104357956503106,0.000617131740569802,NA,NA,NA,NA,NA,NA,NA
"67","158","China, Taiwan Province of China",23816.775,672.6,"7.825",132,0.000952110135677665,0.000814933630144758,NA,NA,NA,NA,NA,NA,NA
"269","Ch02","Tianjin",16016.0695788221,1416.72442094844,"5.42",132,0.000878254016432842,0.000519364740346837,NA,NA,NA,NA,NA,NA,NA
"289","Ch22","Chongqing",32032.1391576443,389.211897419736,"7.54",132,0.000878254016432841,0.000519364740346836,NA,NA,NA,NA,NA,NA,NA
"298","Ch31","Xinjiang",25869.7461890962,15.5804301307493,"4.56",127,0.000565137510101364,0.00033420000444313,NA,NA,NA,NA,NA,NA,NA
"279","Ch12","Anhui",65274.199064521,467.245519431073,"5.96",127,0.000447955368515784,0.000264903113795167,NA,NA,NA,NA,NA,NA,NA
"270","Ch03","Hebei",77845.0705777322,414.731329662931,"6.38",127,0.000375616948889816,0.000222125029296632,NA,NA,NA,NA,NA,NA,NA
"294","Ch27","Shaanxi",39619.7777545254,192.703199195163,"6.24",127,0.000369006712729229,0.000218215996689963,NA,NA,NA,NA,NA,NA,NA
"295","Ch28","Gansu",27141.1883323574,59.7428754839475,"6.65",127,0.000359108912727803,0.0002123628286639,NA,NA,NA,NA,NA,NA,NA
"274","Ch07","Jilin",27592.3452219016,147.237701290831,"6.26",127,0.000353237195091228,0.000208890526745948,NA,NA,NA,NA,NA,NA,NA
"282","Ch15","Shandong",103253.406311613,671.348545589159,"7.18",132,0.000317869229251132,0.000187975308538639,NA,NA,NA,NA,NA,NA,NA
"286","Ch19","Guangdong",118131.330100903,656.285167227237,"4.55",135,0.000310470179306176,0.000183599802612593,NA,NA,NA,NA,NA,NA,NA
"285","Ch18","Hunan",70934.1673151674,337.781749119845,"7.08",132,0.000264398722881006,0.000156354962787272,NA,NA,NA,NA,NA,NA,NA
"291","Ch24","Guizhou",37148.6684277033,211.07197970286,"6.85",127,0.000262368559754484,0.000155154404491677,NA,NA,NA,NA,NA,NA,NA
"273","Ch06","Liaoning",44623.5178021984,305.850019206295,"7.39",127,0.000218419414519874,0.000129164615687809,NA,NA,NA,NA,NA,NA,NA
"287","Ch20","Guangxi",50857.6857304467,215.498668349351,"5.96",127,0.000191645421772277,0.000113331533764787,NA,NA,NA,NA,NA,NA,NA
"272","Ch05","Inner Mongolia",26044.056805511,22.0152635718606,"5.95",127,0.000187118364565058,0.00011065441091995,NA,NA,NA,NA,NA,NA,NA
"290","Ch23","Sichuan",85873.6124984862,177.05899484224,"7.01",132,0.000163800928199176,9.68653999309561e-05,NA,NA,NA,NA,NA,NA,NA
"280","Ch13","Fujian",40737.4164127147,335.066757794988,"6.2",127,0.000119627648123646,7.07430666339471e-05,NA,NA,NA,NA,NA,NA,NA
"281","Ch14","Jiangxi",47843.1374230372,286.485852832558,"6.06",132,9.80020555556579e-05,5.79545452508757e-05,NA,NA,NA,NA,NA,NA,NA
"56","116","Cambodia",16718.971,94.714,"6.0395",126,0,0,NA,NA,NA,NA,NA,NA,NA
"87","232","Eritrea",3546.427,35.113,"6.9045",73,0,0,NA,NA,NA,NA,NA,NA,NA
"92","242","Fiji",896.444,49.066,"8.3585",75,0,0,NA,NA,NA,NA,NA,NA,NA
"96","258","French Polynesia",280.904,76.75,"5.8595",82,0,0,NA,NA,NA,NA,NA,NA,NA
"108","308","Grenada",112.519,330.938,"9.5625",71,0,0,NA,NA,NA,NA,NA,NA,NA
"141","418","Lao People's Democratic Republic",7275.556,31.523,"6.3565",69,0,0,NA,NA,NA,NA,NA,NA,NA
"143","426","Lesotho",2142.252,70.562,"13.8685",19,0,0,NA,NA,NA,NA,NA,NA,NA
"151","446","China, Macao SAR",649.342,21717.124,"4.13",131,0,0,NA,NA,NA,NA,NA,NA,NA
"164","496","Mongolia",3278.292,2.11,"6.3755",84,0,0,NA,NA,NA,NA,NA,NA,NA
"173","516","Namibia",2540.916,3.086,"7.7995",79,0,0,NA,NA,NA,NA,NA,NA,NA
"181","540","New Caledonia",285.491,15.618,"5.937",75,0,0,NA,NA,NA,NA,NA,NA,NA
"191","598","Papua New Guinea",8947.027,19.757,"7.3425",74,0,0,NA,NA,NA,NA,NA,NA,NA
"199","626","Timor-Leste",1318.442,88.665,"5.904",74,0,0,NA,NA,NA,NA,NA,NA,NA
"203","64","Bhutan",771.612,20.243,"6.282",88,0,0,NA,NA,NA,NA,NA,NA,NA
"210","662","Saint Lucia",183.629,301.031,"7.355",79,0,0,NA,NA,NA,NA,NA,NA,NA
"213","670","Saint Vincent and the Grenadines",110.947,284.479,"9.3335",81,0,0,NA,NA,NA,NA,NA,NA,NA
"220","690","Seychelles",98.34,213.783,"7.9545",78,0,0,NA,NA,NA,NA,NA,NA,NA
"225","704","Viet Nam",97338.583,313.925,"6.45",130,0,0,NA,NA,NA,NA,NA,NA,NA
"249","800","Uganda",45741,228.922,"6.3405",73,0,0,NA,NA,NA,NA,NA,NA,NA
"271","Ch04","Shanxi",38235.5463888782,244.629215539848,"5.32",127,0,0,NA,NA,NA,NA,NA,NA,NA
"277","Ch10","Jiangsu",82746.2749686906,806.493908076906,"7.03",127,0,0,NA,NA,NA,NA,NA,NA,NA
"293","Ch26","Tibet (Xizang)",3599.00155068282,2.92982868013906,"4.58",127,0,0,NA,NA,NA,NA,NA,NA,NA
"296","Ch29","Qinghai",6234.16792824831,8.64415963428773,"6.25",127,0,0,NA,NA,NA,NA,NA,NA,NA
"297","Ch30","Ningxia",7126.22814166542,107.322712976889,"5.54",127,0,0,NA,NA,NA,NA,NA,NA,NA
"61","136","Cayman Islands",65.72,273.833,NA,80,NA,0.0696135118685332,NA,NA,NA,NA,NA,NA,NA
"77","20","Andorra",77.265,164.394,NA,91,NA,2.65477097160265,NA,NA,NA,NA,NA,NA,NA
"81","212","Dominica",71.991,95.988,NA,70,NA,0,NA,NA,NA,NA,NA,NA,NA
"89","234","Faroe Islands",48.865,35.004,NA,86,NA,0,NA,NA,NA,NA,NA,NA,NA
"90","238","Falkland Islands (Malvinas)",3.483,0.286,NA,58,NA,0,NA,NA,NA,NA,NA,NA,NA
"105","292","Gibraltar",33.691,3369.1,NA,89,NA,0,NA,NA,NA,NA,NA,NA,NA
"107","304","Greenland",56.772,0.138,NA,76,NA,0,NA,NA,NA,NA,NA,NA,NA
"117","336","Holy See",0.809,1838.636,NA,87,NA,0,NA,NA,NA,NA,NA,NA,NA
"147","438","Liechtenstein",38.137,238.356,NA,90,NA,0.106633103460332,NA,NA,NA,NA,NA,NA,NA
"163","492","Monaco",39.244,26338.255,NA,93,NA,0.401129739167031,NA,NA,NA,NA,NA,NA,NA
"168","500","Montserrat",4.999,49.99,NA,75,NA,0.97619523904781,NA,NA,NA,NA,NA,NA,NA
"177","531","Curaçao",164.1,369.595,"9.0805",NA,NA,NA,NA,NA,NA,NA,NA,NA,NA
"179","534","Sint Maarten (Dutch part)",42.882,1261.235,NA,76,NA,1.68454927720869,NA,NA,NA,NA,NA,NA,NA
"180","535","Bonaire, Sint Eustatius and Saba",26.221,79.942,NA,59,NA,0,NA,NA,NA,NA,NA,NA,NA
"188","580","Northern Mariana Islands",57.557,125.124,NA,65,NA,0.19565888530567,NA,NA,NA,NA,NA,NA,NA
"192","60","Bermuda",62.273,1245.46,NA,75,NA,0.705281582708397,NA,NA,NA,NA,NA,NA,NA
"207","652","Saint Barthélemy",9.885,449.318,NA,90,NA,0,NA,NA,NA,NA,NA,NA,NA
"208","659","Saint Kitts and Nevis",53.192,204.585,NA,68,NA,0,NA,NA,NA,NA,NA,NA,NA
"209","660","Anguilla",15.002,166.689,NA,67,NA,0,NA,NA,NA,NA,NA,NA,NA
"211","663","Saint Martin (French part)",38.659,729.415,NA,90,NA,0.315579813238832,NA,NA,NA,NA,NA,NA,NA
"212","666","Saint Pierre and Miquelon",5.795,25.196,NA,55,NA,0,NA,NA,NA,NA,NA,NA,NA
"214","674","San Marino",33.938,565.633,NA,94,NA,4.81854896851957,NA,NA,NA,NA,NA,NA,NA
"247","796","Turks and Caicos Islands",38.718,40.756,NA,70,NA,0.13504239445662,NA,NA,NA,NA,NA,NA,NA
"255","833","Isle of Man",85.032,149.179,NA,74,NA,1.39597684051537,NA,NA,NA,NA,NA,NA,NA
"266","92","British Virgin Islands",30.237,201.58,NA,67,NA,0.180662319911505,NA,NA,NA,NA,NA,NA,NA
"278","Ch11","Zhejiang",59983.3591780471,588.072148804383,"5.58",NA,NA,NA,NA,NA,NA,NA,NA,NA,NA
"292","Ch25","Yunnan",49811.8220319577,126.425944243548,"6.32",NA,NA,NA,NA,NA,NA,NA,NA,NA,NA
