LocID,Location,loc_type_fin,Pop_Mid2020,Density_Mid2020,CDR_Yr_Last,Days_Est,CCDR_Est,CCMR_Est,ISCDR_Est,Days_Proj,CCDR_Proj,CCMR_Proj,ISCDR_Proj,CDR_2020,CCDR_2020,e0_2020_M,e0_2020_F,e0_2020_B,e0_Diff_M,e0_Diff_F,e0_Diff_B
MX23,Quintana Roo,Mexico,"1,497.403",33.4,3.35,258,1.86,5.66,6.42,279,1.84,5.58,6.32,5.35,1.40,68.4,75.0,71.6,-4.29,-3.64,-3.97
MX02,Baja California,Mexico,"3,605.789",50.5,4.88,254,1.86,4.31,4.89,275,1.95,4.52,5.12,6.20,1.47,69.3,76.1,72.6,-3.61,-3.11,-3.36
PE11,Ica,Peru,954.364,44.7,NA,267,2.50,4.09,4.64,NA,NA,NA,NA,NA,NA,NA,NA,NA,NA,NA,NA
PE17,Madre de Dios,Peru,158.084,1.9,NA,267,1.31,3.91,4.43,NA,NA,NA,NA,NA,NA,NA,NA,NA,NA,NA,NA
PE07,Callao,Peru,"1,119.096","7,669.8",NA,267,2.36,3.78,4.29,NA,NA,NA,NA,NA,NA,NA,NA,NA,NA,NA,NA
MX27,Tabasco,Mexico,"2,555.914",103.3,4.98,254,1.74,3.53,4.00,275,1.69,3.43,3.89,6.82,1.27,69.3,75.9,72.5,-2.74,-2.34,-2.55
PE24,Tumbes,Peru,252.031,54.0,NA,267,1.81,3.45,3.91,NA,NA,NA,NA,NA,NA,NA,NA,NA,NA,NA,NA
MX26,Sonora,Mexico,"3,077.474",17.1,5.60,251,1.72,3.22,3.65,272,1.81,3.40,3.86,7.20,1.35,69.7,76.3,72.9,-2.72,-2.33,-2.53
MX03,Baja California Sur,Mexico,727.007,9.8,3.82,254,1.39,3.21,3.64,275,1.30,2.99,3.39,5.75,0.97,70.4,77.0,73.6,-2.53,-2.18,-2.36
MX05,Coahuila de Zaragoza,Mexico,"3,150.456",20.7,5.31,257,1.65,3.20,3.62,278,1.88,3.63,4.12,7.03,1.43,69.7,76.3,72.9,-2.98,-2.55,-2.77
PE15,Lima,Peru,"10,693.435",307.0,NA,267,2.09,3.19,3.62,NA,NA,NA,NA,NA,NA,NA,NA,NA,NA,NA,NA
MX25,Sinaloa,Mexico,"3,215.596",56.0,5.59,256,1.81,3.11,3.53,277,1.80,3.10,3.51,7.73,1.36,69.6,76.2,72.8,-2.52,-2.14,-2.33
PE16,Loreto,Peru,981.170,2.7,NA,267,1.39,3.10,3.51,NA,NA,NA,NA,NA,NA,NA,NA,NA,NA,NA,NA
MX08,Chihuahua,Mexico,"3,832.828",15.5,7.58,246,1.55,3.05,3.46,267,1.72,3.37,3.82,6.85,1.25,69.7,76.3,72.9,-2.69,-2.31,-2.50
PE18,Moquegua,Peru,197.521,12.6,NA,267,2.03,2.96,3.35,NA,NA,NA,NA,NA,NA,NA,NA,NA,NA,NA,NA
PE14,Lambayeque,Peru,"1,340.725",92.6,NA,267,1.92,2.94,3.33,NA,NA,NA,NA,NA,NA,NA,NA,NA,NA,NA,NA
MX15,Mexico (State),Mexico,"17,378.187",777.5,4.50,256,1.36,2.91,3.30,277,1.04,2.23,2.53,6.02,0.79,71.1,76.3,73.6,-2.02,-1.55,-1.79
BR53,Distrito Federal,Brazil,"3,049.880",529.4,NA,258,1.88,2.80,3.17,279,1.78,2.65,3.00,NA,NA,NA,NA,NA,NA,NA,NA
MX09,Ciudad de Mexico,Mexico,"10,298.920","6,888.8",6.23,268,1.91,2.78,3.15,289,2.54,3.70,4.19,8.79,2.01,70.3,76.7,73.4,-3.27,-2.77,-3.03
BR33,Rio de Janeiro,Brazil,"17,463.128",399.2,NA,268,1.84,2.74,3.11,289,1.79,2.66,3.01,NA,NA,NA,NA,NA,NA,NA,NA
MX04,Campeche,Mexico,945.785,16.4,4.64,248,1.47,2.74,3.11,269,1.44,2.69,3.04,7.09,1.06,69.8,76.0,72.8,-2.16,-1.80,-1.98
MX01,Aguascalientes,Mexico,"1,360.852",242.3,4.37,244,1.32,2.74,3.10,265,1.48,3.06,3.47,6.28,1.07,70.5,76.8,73.5,-2.50,-2.11,-2.31
MX06,Colima,Mexico,749.741,133.2,4.95,239,1.57,2.66,3.02,260,1.63,2.78,3.15,7.43,1.16,70.9,76.2,73.5,-2.29,-1.79,-2.04
PE13,La Libertad,Peru,"1,990.970",78.1,NA,267,1.66,2.66,3.02,NA,NA,NA,NA,NA,NA,NA,NA,NA,NA,NA,NA
BR14,Roraima,Brazil,612.715,2.7,NA,252,1.78,2.64,3.00,273,1.70,2.53,2.87,NA,NA,NA,NA,NA,NA,NA,NA
MX29,Tlaxcala,Mexico,"1,345.008",336.5,4.73,245,1.45,2.59,2.93,266,1.29,2.30,2.61,7.02,0.94,70.5,76.5,73.4,-1.92,-1.58,-1.75
BR51,Mato Grosso,Brazil,"3,524.464",3.9,NA,253,1.71,2.55,2.89,274,1.65,2.45,2.78,NA,NA,NA,NA,NA,NA,NA,NA
BR13,Amazonas (BR),Brazil,"4,192.173",2.7,NA,262,1.66,2.47,2.80,283,1.61,2.40,2.72,NA,NA,NA,NA,NA,NA,NA,NA
PER,Peru,Cntry/Terr,"32,971.846",25.8,5.45,267,1.52,2.46,2.78,288,1.73,2.80,3.17,7.24,1.36,71.7,77.4,74.5,-2.57,-2.23,-2.41
PE22,San Martin,Peru,909.611,17.7,NA,267,1.18,2.45,2.78,NA,NA,NA,NA,NA,NA,NA,NA,NA,NA,NA,NA
PE20,Piura,Peru,"2,076.318",58.2,NA,267,1.42,2.44,2.76,NA,NA,NA,NA,NA,NA,NA,NA,NA,NA,NA,NA
MX19,Nuevo Leon,Mexico,"5,360.737",83.5,4.97,251,1.30,2.43,2.76,272,1.31,2.45,2.78,6.65,0.97,70.8,77.3,74.0,-2.09,-1.79,-1.94
BR32,Espirito Santo,Brazil,"4,064.780",88.2,NA,254,1.60,2.38,2.70,275,1.63,2.42,2.75,NA,NA,NA,NA,NA,NA,NA,NA
PE02,Ancash,Peru,"1,216.095",33.9,NA,267,1.64,2.30,2.61,NA,NA,NA,NA,NA,NA,NA,NA,NA,NA,NA,NA
PE25,Ucayali,Peru,552.917,5.4,NA,267,0.94,2.30,2.60,NA,NA,NA,NA,NA,NA,NA,NA,NA,NA,NA,NA
MX13,Hidalgo,Mexico,"3,072.136",147.6,4.87,258,1.35,2.26,2.57,279,1.39,2.33,2.64,7.62,1.06,70.3,76.2,73.2,-1.98,-1.61,-1.80
MX28,Tamaulipas,Mexico,"3,689.743",45.9,5.26,251,1.21,2.22,2.51,272,1.23,2.24,2.54,6.97,0.91,70.4,76.8,73.5,-1.86,-1.58,-1.73
US34,New Jersey,U.S.A.,"9,008.043",468.8,8.31,271,2.64,2.22,2.51,292,2.58,2.17,2.46,10.82,2.06,75.1,80.3,77.6,-2.54,-2.14,-2.35
BR23,Ceara,Brazil,"9,236.905",62.0,NA,261,1.48,2.21,2.50,282,1.47,2.19,2.48,NA,NA,NA,NA,NA,NA,NA,NA
MX22,Queretaro,Mexico,"2,094.397",179.0,4.36,256,1.06,2.19,2.49,277,1.31,2.69,3.05,6.29,0.99,70.4,76.7,73.5,-2.31,-1.94,-2.13
BR28,Sergipe,Brazil,"2,325.083",106.0,NA,254,1.46,2.17,2.46,275,1.50,2.24,2.54,NA,NA,NA,NA,NA,NA,NA,NA
MX31,Yucatan,Mexico,"2,269.237",57.4,5.71,250,1.34,2.15,2.44,271,1.43,2.29,2.59,7.96,1.06,69.8,76.3,73.0,-1.84,-1.56,-1.71
BR16,Amapa,Brazil,855.439,6.0,NA,252,1.43,2.13,2.41,273,1.40,2.08,2.36,NA,NA,NA,NA,NA,NA,NA,NA
MEX,Mexico (Country),Cntry/Terr,"128,932.753",66.3,5.97,268,1.19,2.12,2.40,289,1.25,2.23,2.52,7.16,0.99,70.4,76.4,73.3,-1.99,-1.63,-1.82
PE04,Arequipa,Peru,"1,556.127",24.6,NA,267,1.37,2.08,2.36,NA,NA,NA,NA,NA,NA,NA,NA,NA,NA,NA,NA
IT02,Valle d'Aosta/Vallee d'Aoste,Italy,125.953,"38,701.3",11.70,276,3.62,2.04,2.31,297,3.72,2.10,2.38,15.20,3.02,75.6,83.0,79.2,-2.45,-2.23,-2.34
MX24,San Luis Potosi,Mexico,"2,972.710",48.6,5.14,261,1.29,2.03,2.30,282,1.38,2.18,2.47,8.02,1.07,70.4,76.1,73.2,-1.88,-1.50,-1.69
BOL,Bolivia (Plurinational State of),Cntry/Terr,"11,673.029",10.8,6.79,257,1.10,2.01,2.28,278,1.02,1.87,2.12,7.69,0.78,67.2,73.2,70.1,-1.71,-1.52,-1.62
MX21,Puebla,Mexico,"6,612.709",192.8,5.37,257,1.14,2.00,2.27,278,1.16,2.03,2.31,7.25,0.88,70.0,76.4,73.1,-1.73,-1.45,-1.59
BR11,Rondonia,Brazil,"1,797.626",7.6,NA,247,1.34,2.00,2.27,268,1.42,2.12,2.40,NA,NA,NA,NA,NA,NA,NA,NA
US36,New York,U.S.A.,"19,779.540",161.7,7.83,273,2.39,2.00,2.26,294,2.32,1.94,2.20,10.34,1.87,75.6,81.0,78.3,-2.40,-2.11,-2.26
BR26,Pernambuco,Brazil,"9,666.777",98.6,NA,262,1.33,1.99,2.25,283,1.31,1.94,2.20,NA,NA,NA,NA,NA,NA,NA,NA
MX32,Zacatecas,Mexico,"1,713.503",22.8,5.62,254,1.28,1.94,2.20,275,1.53,2.32,2.63,8.18,1.15,70.1,76.5,73.2,-1.95,-1.65,-1.80
BR52,Goias,Brazil,"7,098.918",20.9,NA,261,1.29,1.92,2.17,282,1.20,1.79,2.03,NA,NA,NA,NA,NA,NA,NA,NA
ECU,Ecuador,Cntry/Terr,"17,643.060",71.0,5.10,272,1.06,1.91,2.16,293,1.50,2.72,3.08,6.42,1.20,71.7,77.6,74.6,-2.81,-2.41,-2.61
BR35,Sao Paulo,Brazil,"46,446.155",187.1,NA,270,1.27,1.90,2.15,291,1.24,1.84,2.09,NA,NA,NA,NA,NA,NA,NA,NA
MX11,Guanajuato,Mexico,"6,295.742",205.6,4.95,248,1.03,1.86,2.10,269,1.20,2.16,2.44,6.95,0.88,70.4,76.8,73.5,-1.80,-1.52,-1.66
US25,Massachusetts,U.S.A.,"6,985.561",344.1,8.57,266,2.21,1.84,2.09,287,2.18,1.82,2.07,10.55,1.71,75.3,80.9,78.0,-2.09,-1.80,-1.95
US22,Louisiana,U.S.A.,"4,713.234",41.8,9.78,272,1.92,1.83,2.07,293,1.92,1.83,2.07,11.47,1.54,72.0,77.8,74.8,-1.75,-1.51,-1.63
BR12,Acre,Brazil,892.059,5.4,NA,249,1.23,1.83,2.07,270,1.16,1.72,1.95,NA,NA,NA,NA,NA,NA,NA,NA
MX10,Durango,Mexico,"1,858.666",15.0,5.65,266,1.01,1.81,2.05,287,1.20,2.14,2.43,7.12,0.94,70.2,76.7,73.4,-1.89,-1.60,-1.75
BR22,Piaui,Brazil,"3,310.800",13.2,NA,248,1.21,1.80,2.03,269,1.20,1.79,2.03,NA,NA,NA,NA,NA,NA,NA,NA
BR25,Paraiba,Brazil,"4,064.251",72.0,NA,255,1.20,1.79,2.03,276,1.15,1.72,1.94,NA,NA,NA,NA,NA,NA,NA,NA
US28,Mississippi,U.S.A.,"3,019.798",24.9,10.82,263,1.88,1.77,2.01,284,1.88,1.77,2.01,12.41,1.46,70.8,77.0,73.8,-1.46,-1.32,-1.39
MX18,Nayarit,Mexico,"1,255.449",45.1,5.47,253,1.12,1.77,2.00,274,1.15,1.81,2.05,7.63,0.86,71.3,76.6,73.9,-1.60,-1.26,-1.43
US38,North Dakota,U.S.A.,769.967,4.3,8.49,256,2.06,1.75,1.98,277,2.13,1.80,2.04,10.42,1.61,75.3,80.4,77.8,-2.08,-1.75,-1.92
PE23,Tacna,Peru,371.146,23.1,NA,267,0.94,1.73,1.96,NA,NA,NA,NA,NA,NA,NA,NA,NA,NA,NA,NA
IT03,Lombardia,Italy,"10,073.686","422,224.8",9.90,294,2.90,1.73,1.96,315,3.09,1.85,2.09,12.98,2.66,78.0,83.8,80.8,-2.57,-2.29,-2.43
BR15,Para,Brazil,"8,701.617",7.0,NA,255,1.15,1.71,1.94,276,1.10,1.64,1.86,NA,NA,NA,NA,NA,NA,NA,NA
BRA,Brazil,Cntry/Terr,"212,559.409",25.4,6.42,270,1.15,1.71,1.94,291,1.14,1.69,1.92,7.66,0.90,70.9,78.2,74.4,-1.59,-1.54,-1.57
BR17,Tocantins,Brazil,"1,590.921",5.7,NA,241,1.14,1.69,1.92,262,1.09,1.62,1.83,NA,NA,NA,NA,NA,NA,NA,NA
BLZ,Belize,Cntry/Terr,397.621,17.4,4.70,250,0.67,1.66,1.88,NA,NA,NA,NA,NA,NA,NA,NA,NA,NA,NA,NA
BR24,Rio Grande do Norte,Brazil,"3,547.108",67.2,NA,258,1.11,1.65,1.87,279,1.07,1.59,1.81,NA,NA,NA,NA,NA,NA,NA,NA
COL,Colombia,Cntry/Terr,"50,882.884",45.9,5.53,265,1.04,1.64,1.85,286,1.08,1.69,1.92,6.66,0.85,72.9,78.7,75.7,-1.81,-1.47,-1.64
ES13,Madrid (Comunidad de),Spain,"6,611.809",823.6,7.06,283,2.25,1.60,1.81,304,2.35,1.67,1.89,9.72,1.95,80.0,85.3,82.6,-2.51,-2.31,-2.41
US09,Connecticut,U.S.A.,"3,613.794",288.0,8.73,267,2.02,1.58,1.80,288,2.17,1.71,1.93,10.92,1.71,75.8,81.2,78.4,-2.01,-1.74,-1.88
IRQ,Iraq,Cntry/Terr,"40,222.503",92.6,4.80,283,0.40,1.58,1.79,304,0.40,1.57,1.78,5.09,0.33,67.6,72.1,69.8,-1.00,-0.75,-0.88
MX12,Guerrero,Mexico,"3,882.954",61.1,4.86,253,0.95,1.58,1.79,274,0.86,1.43,1.62,7.96,0.65,69.1,75.4,72.2,-1.12,-0.93,-1.03
US46,South Dakota,U.S.A.,893.132,4.5,9.19,250,1.93,1.57,1.78,271,2.63,2.15,2.43,11.37,1.95,74.5,80.0,77.2,-2.21,-1.99,-2.10
US11,District of Columbia,U.S.A.,712.330,"4,477.2",7.15,260,1.40,1.57,1.78,281,1.38,1.54,1.75,8.72,1.06,73.3,79.5,76.3,-1.64,-1.62,-1.63
PAN,Panama,Cntry/Terr,"4,314.768",58.0,5.06,277,1.01,1.56,1.77,298,1.11,1.73,1.96,6.19,0.91,73.4,79.9,76.5,-2.25,-2.00,-2.13
US44,Rhode Island,U.S.A.,"1,070.329",395.5,9.59,258,1.99,1.56,1.77,279,2.11,1.66,1.88,11.29,1.61,75.4,80.5,77.9,-1.84,-1.58,-1.71
ES08,Castilla-La Mancha,Spain,"2,021.012",25.4,9.54,276,2.54,1.56,1.77,297,2.47,1.52,1.72,12.38,2.01,79.4,84.6,81.9,-2.08,-1.80,-1.94
IRN,Iran (Islamic Republic of),Cntry/Terr,"83,992.953",51.6,4.88,297,0.76,1.56,1.76,318,0.81,1.67,1.89,5.59,0.70,74.2,77.0,75.6,-1.54,-1.04,-1.30
PE12,Junin,Peru,"1,393.373",31.4,NA,267,0.91,1.55,1.76,NA,NA,NA,NA,NA,NA,NA,NA,NA,NA,NA,NA
MKD,North Macedonia,Cntry/Terr,"2,083.380",82.6,10.02,265,1.36,1.53,1.73,286,1.63,1.83,2.08,11.54,1.27,72.6,77.0,74.7,-1.36,-1.01,-1.19
MX30,Veracruz de Ignacio de la Llave,Mexico,"8,831.401",122.9,5.90,256,0.98,1.53,1.73,277,1.15,1.80,2.04,8.10,0.87,70.0,76.4,73.1,-1.48,-1.25,-1.37
ARG,Argentina,Cntry/Terr,"45,195.777",16.5,7.61,280,1.17,1.51,1.72,301,1.15,1.49,1.69,8.61,0.95,72.1,78.8,75.4,-1.30,-1.27,-1.29
BR27,Alagoas,Brazil,"3,375.667",121.2,NA,256,1.00,1.49,1.69,277,0.95,1.41,1.60,NA,NA,NA,NA,NA,NA,NA,NA
MX17,Morelos,Mexico,"2,047.959",419.8,5.49,257,0.93,1.49,1.69,278,0.86,1.38,1.56,7.46,0.65,71.4,76.8,74.1,-1.24,-0.98,-1.11
BEL,Belgium,Cntry/Terr,"11,589.616",382.7,9.79,272,2.05,1.48,1.68,293,2.13,1.54,1.74,11.55,1.71,77.7,82.4,80.0,-1.85,-1.57,-1.71
OMN,Oman,Cntry/Terr,"5,106.622",16.5,2.44,256,0.41,1.46,1.65,277,0.41,1.45,1.64,2.80,0.31,74.9,79.2,77.0,-1.39,-1.29,-1.34
MX14,Jalisco,Mexico,"8,442.704",107.4,5.33,263,0.85,1.46,1.65,284,0.92,1.59,1.80,6.97,0.71,71.1,77.4,74.2,-1.42,-1.21,-1.32
ZAF,South Africa,Cntry/Terr,"59,308.690",48.9,9.52,260,0.54,1.45,1.64,281,0.53,1.43,1.62,9.91,0.41,60.3,67.3,63.7,-0.55,-0.52,-0.54
JOR,Jordan,Cntry/Terr,"10,203.140",114.9,3.86,260,0.45,1.44,1.63,281,0.55,1.77,2.00,4.38,0.42,71.7,75.5,73.6,-1.26,-0.96,-1.12
ARM,Armenia,Cntry/Terr,"2,963.234",104.1,9.91,261,1.14,1.43,1.62,282,1.31,1.64,1.86,10.46,1.01,70.3,77.6,73.9,-1.12,-1.01,-1.06
BR50,Mato Grosso do Sul,Brazil,"2,810.886",7.9,NA,256,0.96,1.43,1.62,277,1.01,1.50,1.70,NA,NA,NA,NA,NA,NA,NA,NA
PE10,Huanuco,Peru,804.804,21.6,NA,267,0.79,1.42,1.61,NA,NA,NA,NA,NA,NA,NA,NA,NA,NA,NA,NA
PE01,Amazonas (PE),Peru,423.381,10.8,NA,267,0.79,1.42,1.61,NA,NA,NA,NA,NA,NA,NA,NA,NA,NA,NA,NA
US17,Illinois,U.S.A.,"12,887.403",89.5,8.57,269,1.57,1.38,1.57,290,1.75,1.55,1.75,10.40,1.39,74.9,80.2,77.5,-1.73,-1.48,-1.61
ES17,"Rioja, La",Spain,315.741,62.6,10.00,278,2.39,1.37,1.56,299,2.70,1.55,1.76,13.02,2.20,79.2,84.9,82.0,-2.07,-1.99,-2.03
BR43,Rio Grande do Sul,Brazil,"11,507.839",40.9,NA,262,0.90,1.35,1.53,283,1.00,1.48,1.68,NA,NA,NA,NA,NA,NA,NA,NA
ES02,Aragon,Spain,"1,315.017",27.6,10.26,279,2.43,1.34,1.52,300,1.65,0.91,1.04,12.84,1.35,79.9,85.5,82.6,-1.28,-1.20,-1.24
US13,Georgia (USA),U.S.A.,"10,628.510",70.9,7.97,270,1.27,1.34,1.52,291,1.38,1.45,1.65,9.50,1.10,73.7,79.0,76.3,-1.51,-1.27,-1.39
GUM,Guam,Cntry/Terr,168.783,312.6,5.18,265,0.94,1.33,1.51,286,0.99,1.39,1.58,6.24,0.77,75.7,82.2,78.9,-1.32,-1.40,-1.36
CHL,Chile,Cntry/Terr,"19,116.209",25.7,6.12,266,1.14,1.32,1.50,287,1.12,1.31,1.48,7.35,0.88,76.4,81.2,78.8,-1.55,-1.32,-1.44
BR21,Maranhao,Brazil,"7,156.397",21.7,NA,257,0.87,1.29,1.47,278,0.84,1.25,1.42,NA,NA,NA,NA,NA,NA,NA,NA
MNE,Montenegro,Cntry/Terr,628.062,46.7,10.70,262,1.26,1.27,1.44,283,1.43,1.45,1.64,11.90,1.11,73.5,78.5,75.9,-1.12,-0.91,-1.02
US48,Texas,U.S.A.,"28,999.321",42.7,7.00,269,1.12,1.26,1.43,290,1.13,1.27,1.44,8.14,0.90,75.1,80.2,77.6,-1.45,-1.24,-1.35
ES07,Castilla y Leon,Spain,"2,401.521",25.5,11.91,274,2.65,1.23,1.40,295,2.17,1.01,1.14,14.93,1.75,80.3,85.7,82.9,-1.47,-1.36,-1.41
BIH,Bosnia and Herzegovina,Cntry/Terr,"3,280.815",64.3,10.61,266,1.34,1.23,1.39,287,1.61,1.48,1.67,12.33,1.26,73.8,79.0,76.3,-1.24,-1.03,-1.14
US26,Michigan,U.S.A.,"10,114.528",68.7,9.80,268,1.47,1.22,1.38,289,1.70,1.41,1.60,11.59,1.34,74.1,79.3,76.6,-1.47,-1.24,-1.36
BR42,Santa Catarina,Brazil,"7,247.033",75.7,NA,261,0.82,1.22,1.38,282,0.97,1.44,1.64,NA,NA,NA,NA,NA,NA,NA,NA
PE19,Pasco,Peru,284.581,11.4,NA,267,0.61,1.21,1.38,NA,NA,NA,NA,NA,NA,NA,NA,NA,NA,NA,NA
BR41,Parana,Brazil,"11,565.208",58.0,NA,260,0.81,1.21,1.37,281,0.90,1.34,1.52,NA,NA,NA,NA,NA,NA,NA,NA
BR29,Bahia,Brazil,"15,043.792",26.6,NA,258,0.80,1.20,1.36,279,0.80,1.19,1.35,NA,NA,NA,NA,NA,NA,NA,NA
US18,Indiana,U.S.A.,"6,767.587",72.8,9.84,269,1.33,1.19,1.35,290,1.53,1.37,1.55,11.32,1.21,73.3,78.8,76.0,-1.33,-1.16,-1.25
ES15,Navarra (C. Foral de),Spain,651.019,62.7,8.51,272,1.89,1.19,1.35,293,1.95,1.23,1.39,11.06,1.56,80.2,85.7,82.9,-1.69,-1.60,-1.65
US04,Arizona,U.S.A.,"7,262.286",24.7,8.23,265,1.36,1.15,1.30,286,1.46,1.23,1.40,9.73,1.14,75.5,81.2,78.3,-1.56,-1.36,-1.46
PE05,Ayacucho,Peru,688.200,15.7,NA,267,0.72,1.14,1.29,NA,NA,NA,NA,NA,NA,NA,NA,NA,NA,NA,NA
US05,Arkansas,U.S.A.,"3,049.575",22.6,10.85,262,1.29,1.12,1.27,283,1.39,1.20,1.36,12.20,1.07,72.4,77.8,75.1,-1.11,-0.95,-1.03
IT22,Trento (Provincia autonoma di),Italy,541.866,"87,334.4",9.30,275,1.83,1.10,1.24,296,2.14,1.28,1.45,11.41,1.73,79.1,85.0,82.0,-1.91,-1.64,-1.78
HND,Honduras,Cntry/Terr,"9,904.608",88.5,4.44,261,0.42,1.09,1.24,282,0.42,1.09,1.23,4.88,0.32,72.0,76.8,74.4,-1.08,-0.91,-1.00
MDA,Republic of Moldova,Cntry/Terr,"4,033.963",122.8,11.62,267,0.85,1.08,1.23,288,0.92,1.17,1.33,12.63,0.72,67.1,75.6,71.2,-0.60,-0.64,-0.62
IT01,Piemonte,Italy,"4,369.052","172,347.8",12.30,282,2.05,1.08,1.22,303,2.30,1.21,1.37,14.60,1.91,78.2,84.0,81.0,-1.60,-1.39,-1.50
BHS,Bahamas,Cntry/Terr,393.248,39.3,6.71,254,0.60,1.08,1.22,275,0.55,1.00,1.13,7.50,0.42,71.0,75.6,73.2,-0.74,-0.56,-0.65
US45,South Carolina,U.S.A.,"5,145.408",66.0,9.84,266,1.24,1.08,1.22,287,1.23,1.07,1.21,11.26,0.96,73.3,79.0,76.1,-1.07,-0.93,-1.00
MX16,Michoacan de Ocampo,Mexico,"4,992.690",85.1,5.55,259,0.69,1.06,1.20,280,0.74,1.14,1.29,7.67,0.57,71.5,76.4,73.9,-1.06,-0.80,-0.93
US35,New Mexico,U.S.A.,"2,121.624",6.7,8.94,257,1.24,1.04,1.18,278,1.61,1.36,1.54,10.63,1.22,73.7,79.8,76.7,-1.50,-1.34,-1.42
BR31,Minas Gerais,Brazil,"21,411.788",36.5,NA,257,0.70,1.04,1.18,278,0.69,1.03,1.17,NA,NA,NA,NA,NA,NA,NA,NA
US32,Nevada,U.S.A.,"3,070.509",10.8,8.22,265,1.09,1.04,1.18,286,1.26,1.19,1.35,9.71,0.98,74.7,79.9,77.2,-1.32,-1.14,-1.23
US24,Maryland,U.S.A.,"6,109.605",241.3,8.25,266,1.13,1.03,1.17,287,1.23,1.12,1.27,9.55,0.96,75.1,80.7,77.8,-1.30,-1.15,-1.23
IT21,Bolzano (Provincia autonoma di),Italy,531.191,"71,779.7",8.30,275,1.53,1.02,1.16,296,1.52,1.01,1.15,10.14,1.23,79.0,85.2,82.0,-1.48,-1.28,-1.38
PSE,State of Palestine,Cntry/Terr,"5,101.416",847.4,3.46,262,0.25,1.01,1.15,283,0.34,1.40,1.59,3.76,0.27,71.6,75.2,73.3,-1.00,-0.76,-0.88
ES18,Ceuta,Spain,83.673,"4,183.6",6.29,260,0.94,1.01,1.15,NA,NA,NA,NA,NA,NA,NA,NA,NA,NA,NA,NA
US01,Alabama,U.S.A.,"4,944.686",37.6,10.92,261,1.14,1.00,1.14,282,1.34,1.18,1.34,12.36,1.04,71.9,77.6,74.7,-1.04,-0.91,-0.97
USA,United States of America,Cntry/Terr,"331,002.647",36.2,8.69,285,1.13,1.00,1.13,306,1.21,1.07,1.21,10.04,1.01,75.2,80.4,77.7,-1.29,-1.11,-1.20
IT07,Liguria,Italy,"1,557.702","192,215.6",14.30,284,2.15,0.99,1.12,305,2.26,1.04,1.18,16.45,1.88,78.6,84.2,81.3,-1.41,-1.25,-1.33
IT08,Emilia-Romagna,Italy,"4,468.697","164,493.2",11.20,290,1.80,0.98,1.11,311,1.98,1.08,1.22,13.17,1.68,79.3,84.7,81.9,-1.58,-1.37,-1.48
US42,Pennsylvania,U.S.A.,"12,966.170",111.7,10.59,267,1.26,0.96,1.09,288,1.47,1.12,1.27,12.07,1.15,74.3,79.9,77.1,-1.18,-1.04,-1.11
MX20,Oaxaca,Mexico,"4,386.373",46.8,5.71,256,0.65,0.96,1.09,277,0.62,0.92,1.05,8.07,0.47,70.6,76.2,73.3,-0.81,-0.65,-0.73
US19,Iowa,U.S.A.,"3,194.037",22.1,9.71,261,1.20,0.96,1.09,282,1.33,1.07,1.21,10.93,1.03,75.7,80.7,78.2,-1.18,-1.01,-1.09
US47,Tennessee,U.S.A.,"6,847.752",64.1,10.44,264,1.06,0.96,1.09,285,1.18,1.06,1.20,11.62,0.92,72.8,78.0,75.3,-1.00,-0.84,-0.92
ES09,Catalunia,Spain,"7,623.414",237.4,8.41,279,1.43,0.95,1.08,300,2.76,1.85,2.09,11.51,2.26,78.6,84.3,81.4,-2.46,-2.26,-2.36
CZE,Czechia,Cntry/Terr,"10,708.982",138.6,10.50,265,1.19,0.95,1.08,286,1.45,1.16,1.31,11.97,1.13,75.8,81.1,78.4,-1.13,-0.95,-1.04
GUF,French Guiana,Cntry/Terr,298.682,3.6,2.92,236,0.37,0.93,1.06,NA,NA,NA,NA,NA,NA,NA,NA,NA,NA,NA,NA
US10,Delaware,U.S.A.,979.254,193.4,9.54,260,1.16,0.93,1.05,281,1.16,0.93,1.06,10.89,0.89,74.9,80.5,77.6,-1.02,-0.89,-0.95
GBR,United Kingdom,Cntry/Terr,"67,886.004",280.6,9.38,281,1.21,0.92,1.05,302,1.56,1.19,1.34,10.74,1.29,78.3,81.9,80.0,-1.53,-1.20,-1.37
US27,Minnesota,U.S.A.,"5,677.124",27.5,9.96,261,1.05,0.91,1.03,282,1.22,1.05,1.19,9.23,0.94,77.1,81.9,79.4,-1.28,-1.08,-1.18
BHR,Bahrain,Cntry/Terr,"1,701.583","2,238.9",2.38,272,0.27,0.91,1.03,293,0.25,0.83,0.94,2.66,0.20,75.8,78.0,76.9,-0.77,-0.53,-0.65
PE08,Cusco,Peru,"1,350.177",18.8,NA,267,0.52,0.91,1.03,NA,NA,NA,NA,NA,NA,NA,NA,NA,NA,NA,NA
SVN,Slovenia,Cntry/Terr,"2,078.932",103.2,9.94,270,1.27,0.90,1.02,291,1.93,1.36,1.55,12.00,1.54,77.2,82.8,79.9,-1.51,-1.36,-1.44
US08,Colorado,U.S.A.,"5,762.204",21.4,6.79,269,0.89,0.90,1.02,290,0.94,0.95,1.08,7.97,0.74,76.7,81.6,79.1,-1.19,-0.99,-1.09
ES16,Pais Vasco,Spain,"2,202.966",304.5,9.89,283,1.56,0.89,1.01,304,1.62,0.92,1.05,12.12,1.35,80.0,85.6,82.7,-1.31,-1.25,-1.28
GTM,Guatemala,Cntry/Terr,"17,915.567",167.2,4.75,273,0.33,0.87,0.99,294,0.31,0.83,0.95,5.06,0.25,70.7,76.7,73.6,-0.83,-0.66,-0.75
ESP,Spain,Cntry/Terr,"46,754.783",93.7,9.02,283,1.31,0.85,0.97,304,1.53,1.00,1.13,10.91,1.27,79.5,85.1,82.2,-1.40,-1.28,-1.34
US12,Florida,U.S.A.,"21,586.295",154.3,9.70,273,1.22,0.85,0.96,294,1.24,0.86,0.98,11.11,0.99,76.0,81.6,78.7,-1.18,-1.05,-1.12
US29,Missouri,U.S.A.,"6,200.300",34.7,10.12,267,1.00,0.84,0.96,288,1.03,0.87,0.98,11.22,0.81,74.1,79.4,76.7,-0.90,-0.79,-0.85
KWT,Kuwait,Cntry/Terr,"4,270.563",239.7,2.67,253,0.31,0.84,0.95,274,0.28,0.78,0.88,3.28,0.21,74.3,76.4,75.3,-0.54,-0.34,-0.44
US31,Nebraska,U.S.A.,"1,952.141",9.8,8.79,258,0.97,0.84,0.95,279,1.15,1.00,1.13,9.89,0.88,76.3,80.9,78.5,-1.13,-0.94,-1.04
US16,Idaho,U.S.A.,"1,774.655",8.3,8.16,260,0.90,0.83,0.94,281,1.05,0.97,1.10,9.33,0.81,76.3,80.5,78.4,-1.10,-0.87,-0.99
PE06,Cajamarca,Peru,"1,500.006",45.0,NA,267,0.53,0.83,0.94,NA,NA,NA,NA,NA,NA,NA,NA,NA,NA,NA,NA
MYT,Mayotte,Cntry/Terr,272.813,727.5,2.69,255,0.27,0.83,0.94,NA,NA,NA,NA,NA,NA,NA,NA,NA,NA,NA,NA
ES19,Melilla,Spain,85.187,"7,098.9",5.78,262,0.69,0.82,0.93,NA,NA,NA,NA,NA,NA,NA,NA,NA,NA,NA,NA
US30,Montana,U.S.A.,"1,076.137",2.9,9.71,258,1.03,0.82,0.93,279,1.10,0.87,0.99,10.71,0.84,75.6,80.2,77.9,-0.99,-0.79,-0.89
KGZ,Kyrgyzstan,Cntry/Terr,"6,524.191",34.0,6.07,254,0.29,0.81,0.92,275,0.29,0.81,0.91,6.07,0.22,67.2,75.3,71.1,-0.37,-0.42,-0.39
US55,Wisconsin,U.S.A.,"5,882.866",41.8,9.09,267,0.98,0.80,0.91,288,1.13,0.93,1.05,10.41,0.89,76.1,80.8,78.4,-1.06,-0.89,-0.98
US20,Kansas,U.S.A.,"2,945.539",13.9,9.29,261,0.92,0.79,0.90,282,1.29,1.11,1.26,10.62,0.99,75.1,80.0,77.5,-1.20,-1.01,-1.10
BGR,Bulgaria,Cntry/Terr,"6,948.445",64.0,15.38,277,1.03,0.78,0.89,298,1.49,1.14,1.29,16.70,1.21,70.9,78.0,74.4,-0.82,-0.74,-0.78
PRY,Paraguay,Cntry/Terr,"7,132.530",18.0,5.48,266,0.37,0.78,0.88,287,0.40,0.85,0.96,5.98,0.32,71.6,75.9,73.7,-0.76,-0.61,-0.69
ROU,Romania,Cntry/Terr,"19,237.682",83.6,13.03,265,0.93,0.76,0.86,286,1.10,0.90,1.02,14.05,0.86,72.0,79.0,75.4,-0.70,-0.63,-0.67
ES03,Asturias (Principado de),Spain,"1,024.060",96.6,12.64,276,1.55,0.76,0.86,297,1.89,0.92,1.05,15.29,1.53,78.9,84.9,81.8,-1.20,-1.13,-1.16
LUX,Luxembourg,Cntry/Terr,625.976,241.7,7.14,274,0.82,0.76,0.86,295,1.05,0.97,1.10,8.11,0.84,79.1,83.4,81.2,-1.24,-1.05,-1.15
ITA,Italy,Cntry/Terr,"60,461.828",205.6,10.47,294,1.29,0.76,0.86,315,1.47,0.87,0.98,12.13,1.27,80.2,84.6,82.3,-1.26,-1.09,-1.18
PE09,Huancavelica,Peru,387.386,17.5,NA,267,0.48,0.74,0.84,NA,NA,NA,NA,NA,NA,NA,NA,NA,NA,NA,NA
LBY,Libya,Cntry/Terr,"6,871.287",3.9,5.07,254,0.27,0.73,0.83,275,0.28,0.78,0.88,5.41,0.21,69.8,75.7,72.7,-0.49,-0.41,-0.45
ABW,Aruba,Cntry/Terr,106.766,593.1,8.97,241,0.65,0.72,0.82,NA,NA,NA,NA,NA,NA,NA,NA,NA,NA,NA,NA
HUN,Hungary,Cntry/Terr,"9,660.350",106.7,12.53,272,0.90,0.72,0.82,293,1.55,1.25,1.41,14.10,1.24,72.4,79.4,75.8,-1.00,-0.96,-0.98
ES11,Extremadura,Spain,"1,063.076",25.5,10.56,277,1.23,0.72,0.82,298,1.36,0.80,0.90,12.68,1.11,79.1,85.0,82.0,-1.04,-0.94,-1.00
FRA,France,Cntry/Terr,"65,273.512",119.2,9.27,301,1.06,0.72,0.81,322,1.14,0.77,0.87,10.59,1.00,78.7,84.5,81.6,-1.13,-1.06,-1.10
US56,Wyoming,U.S.A.,584.633,2.3,8.23,235,0.80,0.71,0.81,256,1.08,0.96,1.09,9.41,0.75,75.8,80.5,78.1,-1.02,-0.90,-0.96
MX07,Chiapas,Mexico,"5,412.679",73.8,4.53,245,0.32,0.71,0.80,266,0.28,0.60,0.69,5.72,0.20,71.1,76.6,73.8,-0.53,-0.43,-0.48
SWE,Sweden,Cntry/Terr,"10,099.270",24.6,9.19,272,0.98,0.70,0.80,293,1.22,0.88,1.00,10.13,0.98,80.0,83.7,81.8,-1.17,-0.95,-1.07
TUN,Tunisia,Cntry/Terr,"11,818.618",76.1,6.26,267,0.44,0.70,0.80,288,0.53,0.86,0.98,6.79,0.42,74.1,78.3,76.2,-0.73,-0.59,-0.66
US39,Ohio,U.S.A.,"11,827.215",111.5,10.61,266,0.85,0.70,0.80,287,0.97,0.80,0.91,11.65,0.76,73.8,79.1,76.4,-0.81,-0.69,-0.75
CPV,Cabo Verde,Cntry/Terr,555.988,138.0,5.64,260,0.28,0.70,0.79,281,0.28,0.70,0.79,5.84,0.21,69.2,76.0,72.5,-0.44,-0.39,-0.42
US37,North Carolina,U.S.A.,"10,501.123",83.2,9.07,261,0.76,0.69,0.78,282,0.81,0.73,0.83,10.11,0.62,74.8,79.9,77.3,-0.78,-0.66,-0.72
SAU,Saudi Arabia,Cntry/Terr,"34,813.867",16.2,3.47,263,0.24,0.69,0.78,284,0.23,0.66,0.75,3.86,0.18,73.6,76.6,75.0,-0.52,-0.37,-0.45
CRI,Costa Rica,Cntry/Terr,"5,094.114",99.8,5.05,268,0.50,0.69,0.78,289,0.50,0.68,0.77,5.79,0.39,77.1,82.3,79.6,-0.89,-0.76,-0.82
IT05,Veneto,Italy,"4,914.725","267,218.0",10.00,292,1.16,0.68,0.77,313,1.48,0.87,0.99,11.67,1.27,79.6,85.1,82.3,-1.28,-1.13,-1.21
US06,California,U.S.A.,"40,011.015",99.0,6.78,276,0.68,0.65,0.74,297,0.77,0.73,0.83,7.85,0.62,77.6,82.7,80.1,-1.03,-0.89,-0.96
IT06,Friuli-Venezia Giulia,Italy,"1,218.962","155,147.8",11.90,279,1.25,0.65,0.73,300,1.84,0.95,1.08,13.66,1.51,79.5,84.7,82.0,-1.34,-1.20,-1.27
PE03,Apurimac,Peru,453.951,21.7,NA,267,0.44,0.65,0.73,NA,NA,NA,NA,NA,NA,NA,NA,NA,NA,NA,NA
US51,Virginia,U.S.A.,"8,614.990",84.0,8.10,266,0.69,0.64,0.72,287,0.67,0.61,0.70,9.09,0.52,76.3,81.0,78.6,-0.73,-0.61,-0.67
CHE,Switzerland,Cntry/Terr,"8,654.618",219.0,8.01,282,0.87,0.63,0.72,303,0.97,0.70,0.79,9.09,0.80,81.0,84.9,82.9,-1.05,-0.86,-0.96
US40,Oklahoma,U.S.A.,"3,989.492",22.4,10.29,264,0.69,0.62,0.71,285,0.72,0.65,0.74,11.18,0.56,73.1,78.2,75.6,-0.63,-0.54,-0.59
GEO,Georgia,Cntry/Terr,"3,989.175",57.4,12.85,252,0.60,0.62,0.71,273,0.82,0.85,0.96,13.19,0.61,69.0,77.7,73.2,-0.49,-0.51,-0.50
POL,Poland,Cntry/Terr,"37,846.605",123.6,10.09,275,0.76,0.62,0.71,296,1.01,0.83,0.94,11.37,0.82,74.2,81.8,77.9,-0.83,-0.82,-0.83
SWZ,Eswatini,Cntry/Terr,"1,160.164",67.5,9.42,240,0.17,0.62,0.70,261,0.16,0.59,0.66,9.39,0.11,55.9,64.6,60.1,-0.17,-0.19,-0.18
IT11,Marche,Italy,"1,529.183","162,674.8",11.20,285,1.15,0.60,0.68,306,1.27,0.67,0.76,12.89,1.06,80.2,85.5,82.8,-0.99,-0.86,-0.93
PE21,Puno,Peru,"1,316.375",18.3,NA,267,0.39,0.60,0.68,NA,NA,NA,NA,NA,NA,NA,NA,NA,NA,NA,NA
HRV,Croatia,Cntry/Terr,"4,105.268",73.4,13.13,263,0.82,0.59,0.67,284,1.26,0.91,1.03,14.25,0.98,74.7,81.0,77.8,-0.78,-0.71,-0.75
IRL,Ireland,Cntry/Terr,"4,937.796",71.7,6.05,276,0.57,0.58,0.66,297,0.58,0.59,0.67,6.85,0.47,80.0,83.4,81.7,-0.81,-0.63,-0.72
US21,Kentucky,U.S.A.,"4,519.893",43.9,10.82,266,0.65,0.58,0.66,287,0.74,0.66,0.75,12.04,0.58,72.3,77.5,74.9,-0.60,-0.51,-0.55
US49,Utah,U.S.A.,"3,194.497",15.0,5.81,258,0.45,0.58,0.65,279,0.50,0.64,0.73,6.59,0.38,76.8,80.9,78.8,-0.75,-0.57,-0.66
NLD,Netherlands,Cntry/Terr,"17,134.873",508.2,8.72,281,0.76,0.57,0.64,302,0.80,0.60,0.68,9.79,0.66,79.9,83.4,81.6,-0.82,-0.64,-0.73
IT13,Abruzzo,Italy,"1,314.662","121,463.4",11.20,277,1.02,0.56,0.64,298,1.12,0.62,0.70,12.62,0.91,79.1,85.0,82.0,-0.86,-0.76,-0.81
SUR,Suriname,Cntry/Terr,586.634,3.8,7.32,250,0.29,0.56,0.64,271,0.28,0.54,0.61,7.73,0.21,68.3,74.9,71.5,-0.33,-0.31,-0.32
IT09,Toscana,Italy,"3,740.109","295,717.2",11.60,278,1.07,0.56,0.63,299,1.18,0.62,0.70,12.96,0.97,80.2,85.3,82.7,-0.90,-0.78,-0.84
ISR,Israel,Cntry/Terr,"8,655.541",400.0,5.33,267,0.47,0.55,0.63,288,0.47,0.55,0.63,5.83,0.37,80.7,84.0,82.3,-0.80,-0.61,-0.71
US54,West Virginia,U.S.A.,"1,828.890",29.3,12.82,250,0.74,0.55,0.62,271,0.86,0.64,0.72,13.98,0.64,71.9,77.5,74.7,-0.55,-0.46,-0.51
ES01,Andalucia,Spain,"8,349.380",95.3,8.33,274,0.72,0.54,0.62,295,0.68,0.52,0.59,9.86,0.55,78.9,84.3,81.6,-0.64,-0.56,-0.60
STP,Sao Tome and Principe,Cntry/Terr,219.161,228.3,4.87,226,0.13,0.53,0.60,247,0.12,0.53,0.60,4.76,0.08,67.8,72.8,70.2,-0.27,-0.22,-0.25
DOM,Dominican Republic,Cntry/Terr,"10,847.904",224.5,6.13,271,0.29,0.52,0.59,292,0.28,0.49,0.56,6.57,0.22,70.6,77.0,73.7,-0.52,-0.48,-0.50
GUY,Guyana,Cntry/Terr,786.559,4.0,7.42,275,0.26,0.52,0.59,296,0.26,0.52,0.59,7.80,0.21,66.5,72.8,69.6,-0.48,-0.39,-0.44
ES14,Murcia (Region de),Spain,"1,479.460",130.8,7.65,267,0.60,0.48,0.55,288,0.62,0.50,0.57,8.72,0.49,79.9,85.1,82.4,-0.65,-0.56,-0.61
GNQ,Equatorial Guinea,Cntry/Terr,"1,402.985",50.0,9.43,235,0.09,0.48,0.55,256,0.09,0.45,0.51,8.95,0.06,57.8,60.1,59.0,-0.16,-0.10,-0.13
US33,New Hampshire,U.S.A.,"1,372.567",59.1,9.31,254,0.61,0.48,0.54,275,0.72,0.56,0.63,10.56,0.54,75.7,81.4,78.5,-0.61,-0.54,-0.58
AZE,Azerbaijan,Cntry/Terr,"10,139.175",122.7,6.75,269,0.24,0.47,0.53,290,0.37,0.72,0.81,7.17,0.29,70.0,75.2,72.5,-0.49,-0.39,-0.44
ALB,Albania,Cntry/Terr,"2,877.800",105.0,7.82,274,0.45,0.47,0.53,295,0.56,0.58,0.66,8.89,0.45,76.5,79.9,78.1,-0.61,-0.43,-0.52
SRB,Serbia,Cntry/Terr,"8,737.370",99.9,13.17,267,0.52,0.46,0.52,288,0.76,0.67,0.76,13.79,0.60,73.0,78.3,75.6,-0.51,-0.41,-0.46
ES06,Cantabria,Spain,579.733,109.0,10.33,270,0.79,0.45,0.51,291,0.88,0.50,0.57,11.86,0.70,80.1,86.1,83.0,-0.67,-0.67,-0.67
ES10,Comunitat Valenciana,Spain,"4,976.319",214.0,8.81,279,0.66,0.45,0.51,300,0.86,0.59,0.66,10.38,0.71,79.6,85.0,82.2,-0.80,-0.69,-0.75
MAR,Morocco,Cntry/Terr,"36,910.558",82.7,5.06,277,0.23,0.45,0.51,298,0.26,0.51,0.58,5.40,0.21,75.2,77.8,76.4,-0.46,-0.32,-0.39
AUT,Austria,Cntry/Terr,"9,006.400",109.3,9.87,275,0.62,0.45,0.50,296,0.88,0.64,0.73,10.66,0.72,78.6,83.3,80.9,-0.80,-0.66,-0.73
US53,Washington,U.S.A.,"7,627.572",44.2,7.70,290,0.47,0.44,0.50,311,0.55,0.51,0.58,8.39,0.46,77.2,81.9,79.5,-0.68,-0.58,-0.63
PRT,Portugal,Cntry/Terr,"10,196.707",111.3,10.59,270,0.70,0.44,0.50,291,0.80,0.50,0.57,11.86,0.64,78.6,84.4,81.4,-0.61,-0.56,-0.59
SLV,El Salvador,Cntry/Terr,"6,486.201",313.0,7.02,255,0.26,0.44,0.50,276,0.28,0.47,0.54,7.40,0.21,68.3,77.7,72.9,-0.38,-0.35,-0.36
UKR,Ukraine,Cntry/Terr,"43,733.759",75.5,15.19,274,0.46,0.44,0.50,295,0.56,0.53,0.60,15.39,0.45,66.9,76.6,71.6,-0.30,-0.33,-0.31
RUS,Russian Federation,Cntry/Terr,"145,934.460",8.9,12.72,262,0.43,0.44,0.49,283,0.52,0.53,0.60,13.24,0.40,66.9,77.5,72.1,-0.31,-0.37,-0.34
QAT,Qatar,Cntry/Terr,"2,881.060",248.2,1.19,259,0.12,0.43,0.49,280,0.11,0.41,0.46,1.46,0.08,78.8,81.7,80.2,-0.52,-0.45,-0.49
PRI,Puerto Rico,Cntry/Terr,"2,860.840",322.5,9.35,266,0.60,0.42,0.47,287,0.74,0.52,0.59,10.91,0.58,76.1,83.0,79.5,-0.64,-0.61,-0.62
MDV,Maldives,Cntry/Terr,540.542,"1,801.8",2.84,225,0.14,0.41,0.47,246,0.13,0.39,0.44,2.81,0.09,77.4,80.7,79.0,-0.36,-0.28,-0.32
TUR,Turkey,Cntry/Terr,"84,339.067",109.6,5.40,269,0.25,0.41,0.47,290,0.31,0.51,0.58,5.90,0.25,74.4,80.3,77.3,-0.48,-0.43,-0.46
LBN,Lebanon,Cntry/Terr,"6,825.442",667.2,4.31,277,0.23,0.41,0.47,298,0.28,0.50,0.57,4.88,0.23,76.8,80.5,78.6,-0.52,-0.44,-0.48
ES04,Balears (Illes),Spain,"1,137.723",227.9,6.70,276,0.50,0.41,0.46,297,0.50,0.41,0.46,7.87,0.40,80.7,85.6,83.1,-0.58,-0.51,-0.55
MLT,Malta,Cntry/Terr,441.539,"1,379.8",8.24,248,0.55,0.41,0.46,269,0.82,0.60,0.68,9.42,0.60,80.1,83.8,81.9,-0.74,-0.61,-0.68
GLP,Guadeloupe,Cntry/Terr,400.127,245.8,8.19,260,0.53,0.39,0.44,NA,NA,NA,NA,NA,NA,NA,NA,NA,NA,NA,NA
IT10,Umbria,Italy,884.495,"104,653.3",11.40,274,0.75,0.38,0.44,295,0.90,0.46,0.52,12.76,0.72,80.7,85.6,83.1,-0.68,-0.59,-0.64
IT12,Lazio,Italy,"5,885.980","341,707.9",9.70,281,0.62,0.38,0.43,302,0.73,0.45,0.51,10.89,0.60,79.5,85.0,82.2,-0.65,-0.57,-0.61
GMB,Gambia,Cntry/Terr,"2,416.664",238.8,7.99,260,0.07,0.38,0.43,281,0.07,0.36,0.41,7.63,0.05,60.8,63.7,62.2,-0.15,-0.10,-0.13
CAN,Canada,Cntry/Terr,"37,742.157",4.2,7.71,277,0.46,0.37,0.42,298,0.52,0.41,0.47,8.44,0.42,80.1,84.0,82.0,-0.59,-0.50,-0.55
US02,Alaska,U.S.A.,745.469,0.5,5.96,252,0.30,0.37,0.42,273,0.41,0.50,0.57,7.03,0.31,75.7,80.7,78.2,-0.56,-0.54,-0.55
IT16,Puglia,Italy,"4,034.220","206,586.8",9.60,283,0.59,0.37,0.42,304,0.84,0.53,0.60,10.88,0.70,79.5,84.9,82.2,-0.76,-0.65,-0.71
IT15,Campania,Italy,"5,801.773","424,534.7",9.20,276,0.49,0.36,0.41,297,0.67,0.49,0.56,10.21,0.54,77.7,83.7,80.6,-0.62,-0.53,-0.57
KAZ,Kazakhstan,Cntry/Terr,"18,776.707",7.0,7.13,260,0.19,0.36,0.41,281,0.29,0.54,0.61,7.49,0.22,68.9,77.3,73.0,-0.33,-0.35,-0.34
AFG,Afghanistan,Cntry/Terr,"38,928.341",59.6,6.52,265,0.07,0.35,0.39,286,0.08,0.39,0.44,6.31,0.06,63.5,66.6,65.0,-0.20,-0.14,-0.17
IT14,Molise,Italy,306.556,"68,830.7",12.10,271,0.65,0.34,0.39,292,0.87,0.46,0.52,13.27,0.70,79.5,85.3,82.3,-0.62,-0.57,-0.60
ARE,United Arab Emirates,Cntry/Terr,"9,890.400",118.3,1.45,266,0.08,0.33,0.37,287,0.09,0.34,0.38,1.77,0.07,77.1,79.2,78.1,-0.35,-0.24,-0.30
IT19,Sicilia,Italy,"5,005.165","193,904.0",10.40,275,0.50,0.33,0.37,296,0.66,0.43,0.48,11.34,0.53,78.1,84.1,81.0,-0.55,-0.47,-0.51
ES12,Galicia,Spain,"2,697.559",91.2,11.57,273,0.63,0.32,0.36,294,0.66,0.33,0.37,13.51,0.53,80.1,86.1,83.0,-0.46,-0.43,-0.44
CHI,Channel Islands,Cntry/Terr,173.859,915.0,7.81,261,0.39,0.30,0.34,NA,NA,NA,NA,NA,NA,NA,NA,NA,NA,NA,NA
US41,Oregon,U.S.A.,"4,244.225",17.1,8.84,269,0.36,0.30,0.34,290,0.48,0.40,0.46,9.61,0.38,76.8,81.5,79.1,-0.48,-0.40,-0.45
IND,India,Cntry/Terr,"1,380,004.385",464.1,7.24,275,0.14,0.30,0.34,296,0.14,0.30,0.34,7.55,0.11,68.4,71.0,69.7,-0.22,-0.15,-0.18
SVK,Slovakia,Cntry/Terr,"5,459.643",113.5,9.87,250,0.30,0.28,0.32,271,0.51,0.49,0.56,10.66,0.38,73.8,80.7,77.1,-0.40,-0.36,-0.38
MRT,Mauritania,Cntry/Terr,"4,649.660",4.5,7.27,253,0.07,0.27,0.31,274,0.08,0.32,0.36,7.13,0.06,63.3,66.6,64.9,-0.16,-0.11,-0.14
VIR,United States Virgin Islands,Cntry/Terr,104.423,298.4,8.47,250,0.32,0.27,0.30,271,0.30,0.25,0.28,9.53,0.23,77.9,83.0,80.4,-0.25,-0.24,-0.25
IT17,Basilicata,Italy,564.286,"56,076.9",11.10,264,0.46,0.26,0.30,285,0.55,0.31,0.35,12.05,0.43,78.3,85.2,81.7,-0.41,-0.37,-0.39
IT20,Sardegna,Italy,"1,643.577","68,239.9",9.90,272,0.46,0.26,0.30,293,0.49,0.29,0.32,10.99,0.40,79.7,85.7,82.6,-0.42,-0.37,-0.39
DJI,Djibouti,Cntry/Terr,988.002,42.6,7.08,247,0.09,0.26,0.29,268,0.08,0.24,0.27,7.17,0.06,65.1,69.3,67.2,-0.14,-0.10,-0.12
NPL,Nepal,Cntry/Terr,"29,136.808",203.3,6.39,210,0.10,0.26,0.29,231,0.12,0.31,0.36,6.45,0.08,69.3,72.3,70.8,-0.16,-0.12,-0.14
GRC,Greece,Cntry/Terr,"10,423.056",80.9,10.81,276,0.43,0.26,0.29,297,0.67,0.40,0.45,11.99,0.54,79.4,84.3,81.8,-0.57,-0.45,-0.51
LTU,Lithuania,Cntry/Terr,"2,722.291",43.4,13.56,267,0.37,0.25,0.28,288,0.51,0.34,0.39,14.94,0.40,70.2,81.1,75.5,-0.27,-0.35,-0.31
EGY,Egypt,Cntry/Terr,"102,334.403",102.8,5.83,279,0.09,0.24,0.27,300,0.09,0.24,0.27,5.84,0.07,69.7,74.4,72.0,-0.16,-0.12,-0.14
PHL,Philippines,Cntry/Terr,"109,581.085",367.5,5.83,315,0.09,0.24,0.27,336,0.09,0.24,0.27,6.13,0.09,67.2,75.4,71.2,-0.17,-0.19,-0.18
DEU,Germany,Cntry/Terr,"83,783.945",240.4,11.16,278,0.33,0.21,0.24,299,0.46,0.29,0.33,11.99,0.37,78.8,83.5,81.1,-0.37,-0.31,-0.34
KEN,Kenya,Cntry/Terr,"53,771.300",94.5,5.52,261,0.04,0.21,0.23,282,0.04,0.21,0.24,5.50,0.03,64.3,69.1,66.6,-0.11,-0.09,-0.10
US15,Hawaii,U.S.A.,"1,439.609",86.5,7.98,254,0.27,0.20,0.23,275,0.27,0.20,0.23,8.62,0.20,78.7,85.0,81.8,-0.30,-0.30,-0.30
IDN,Indonesia,Cntry/Terr,"273,523.621",151.0,6.45,277,0.09,0.20,0.22,298,0.10,0.22,0.25,6.76,0.08,69.5,74.0,71.7,-0.15,-0.12,-0.14
JAM,Jamaica,Cntry/Terr,"2,961.161",273.4,7.56,268,0.12,0.19,0.21,289,0.13,0.20,0.23,7.73,0.11,72.8,76.1,74.4,-0.19,-0.12,-0.16
BLR,Belarus,Cntry/Terr,"9,449.321",46.6,12.55,255,0.19,0.18,0.21,276,0.20,0.19,0.22,12.81,0.15,69.6,79.5,74.4,-0.11,-0.13,-0.12
ES05,Canarias,Spain,"2,136.113",286.8,7.05,274,0.22,0.18,0.21,295,0.25,0.21,0.23,8.16,0.20,79.8,84.9,82.3,-0.28,-0.25,-0.27
GNB,Guinea-Bissau,Cntry/Terr,"1,967.998",70.0,9.72,230,0.04,0.18,0.20,251,0.04,0.19,0.22,9.38,0.03,56.5,60.5,58.4,-0.06,-0.04,-0.05
US23,Maine,U.S.A.,"1,355.887",17.0,10.99,259,0.26,0.18,0.20,280,0.31,0.22,0.25,12.01,0.24,75.8,80.9,78.3,-0.24,-0.20,-0.22
ZMB,Zambia,Cntry/Terr,"18,383.956",24.7,6.58,254,0.03,0.17,0.19,275,0.03,0.15,0.17,6.35,0.02,60.9,66.9,63.8,-0.07,-0.06,-0.06
PAK,Pakistan,Cntry/Terr,"220,892.331",286.5,6.98,268,0.05,0.16,0.19,289,0.06,0.18,0.21,6.98,0.05,66.3,68.4,67.3,-0.12,-0.07,-0.10
DNK,Denmark,Cntry/Terr,"5,792.203",136.5,9.72,272,0.21,0.16,0.18,293,0.26,0.20,0.22,10.17,0.21,78.9,82.8,80.8,-0.24,-0.20,-0.22
TTO,Trinidad and Tobago,Cntry/Terr,"1,399.491",272.8,8.32,262,0.12,0.16,0.18,283,0.13,0.17,0.19,8.89,0.10,70.8,76.2,73.5,-0.14,-0.11,-0.13
LVA,Latvia,Cntry/Terr,"1,886.202",30.3,14.60,253,0.23,0.16,0.18,274,0.43,0.29,0.33,15.43,0.32,70.2,79.8,74.9,-0.21,-0.25,-0.23
IT18,Calabria,Italy,"1,949.987","128,147.1",10.10,272,0.26,0.16,0.18,293,0.37,0.23,0.26,11.04,0.30,78.8,84.9,81.8,-0.32,-0.27,-0.29
DZA,Algeria,Cntry/Terr,"43,851.043",18.4,4.72,276,0.08,0.16,0.18,297,0.08,0.17,0.19,4.93,0.07,75.6,78.2,76.9,-0.20,-0.13,-0.17
SDN,Sudan,Cntry/Terr,"43,849.269",24.8,7.24,272,0.04,0.15,0.17,293,0.05,0.18,0.20,7.15,0.04,63.5,67.3,65.4,-0.11,-0.08,-0.09
YEM,Yemen,Cntry/Terr,"29,825.968",56.5,6.01,226,0.03,0.15,0.17,247,0.04,0.19,0.21,6.01,0.03,64.5,67.9,66.1,-0.09,-0.06,-0.07
US50,Vermont,U.S.A.,634.325,26.5,9.63,266,0.19,0.15,0.17,287,0.24,0.18,0.20,10.33,0.19,76.6,81.7,79.1,-0.21,-0.18,-0.20
GAB,Gabon,Cntry/Terr,"2,225.728",8.6,6.91,267,0.04,0.14,0.16,288,0.04,0.14,0.16,6.78,0.03,64.4,68.7,66.5,-0.08,-0.06,-0.07
MMR,Myanmar,Cntry/Terr,"54,409.794",83.3,8.19,256,0.06,0.14,0.16,277,0.07,0.17,0.19,8.47,0.05,64.1,70.2,67.1,-0.08,-0.07,-0.08
BGD,Bangladesh,Cntry/Terr,"164,689.383","1,265.2",5.55,268,0.06,0.14,0.15,289,0.06,0.14,0.16,5.68,0.05,71.0,74.7,72.8,-0.11,-0.10,-0.11
SEN,Senegal,Cntry/Terr,"16,743.930",87.0,5.81,255,0.03,0.13,0.15,276,0.03,0.13,0.15,5.57,0.02,65.9,70.1,68.0,-0.07,-0.05,-0.06
ZWE,Zimbabwe,Cntry/Terr,"14,862.927",38.4,8.07,264,0.03,0.13,0.15,285,0.03,0.13,0.15,7.83,0.02,59.7,62.9,61.3,-0.05,-0.04,-0.05
COG,Congo,Cntry/Terr,"5,518.092",16.2,6.75,255,0.03,0.12,0.13,276,0.02,0.11,0.12,6.68,0.02,63.1,66.1,64.6,-0.05,-0.03,-0.04
CAF,Central African Republic,Cntry/Terr,"4,829.764",7.8,12.39,203,0.02,0.12,0.13,224,0.02,0.10,0.12,11.82,0.01,51.3,55.7,53.4,-0.02,-0.02,-0.02
CMR,Cameroon,Cntry/Terr,"26,545.864",56.2,9.36,263,0.02,0.11,0.13,284,0.02,0.11,0.13,8.97,0.02,58.2,60.8,59.5,-0.04,-0.03,-0.04
EST,Estonia,Cntry/Terr,"1,326.539",31.3,11.62,262,0.15,0.11,0.12,283,0.25,0.18,0.20,12.41,0.19,74.3,82.6,78.4,-0.17,-0.17,-0.17
SYR,Syrian Arab Republic,Cntry/Terr,"17,500.657",95.3,5.52,258,0.04,0.11,0.12,279,0.05,0.13,0.14,5.06,0.03,69.3,78.3,73.7,-0.09,-0.08,-0.08
CN17,Hubei,China,"60,772.884",326.9,7.00,336,0.08,0.10,0.12,357,0.08,0.10,0.11,NA,NA,NA,NA,NA,NA,NA,NA
ISL,Iceland,Cntry/Terr,341.250,3.4,6.70,267,0.11,0.10,0.12,288,0.12,0.11,0.12,7.08,0.09,81.5,84.5,83.0,-0.16,-0.12,-0.14
MTQ,Martinique,Cntry/Terr,375.265,354.0,9.07,262,0.16,0.10,0.11,NA,NA,NA,NA,NA,NA,NA,NA,NA,NA,NA,NA
LBR,Liberia,Cntry/Terr,"5,057.677",52.5,7.60,252,0.02,0.10,0.11,273,0.02,0.09,0.10,7.41,0.02,62.8,65.7,64.2,-0.05,-0.03,-0.04
REU,Reunion,Cntry/Terr,895.308,358.1,6.21,206,0.08,0.09,0.10,NA,NA,NA,NA,NA,NA,NA,NA,NA,NA,NA,NA
ATG,Antigua and Barbuda,Cntry/Terr,97.928,222.6,6.34,248,0.06,0.09,0.10,NA,NA,NA,NA,NA,NA,NA,NA,NA,NA,NA,NA
ETH,Ethiopia,Cntry/Terr,"114,963.583",115.0,6.66,251,0.02,0.09,0.10,272,0.02,0.09,0.10,6.39,0.02,64.9,68.8,66.8,-0.05,-0.04,-0.04
AGO,Angola,Cntry/Terr,"32,866.268",26.4,8.33,256,0.02,0.09,0.10,277,0.02,0.09,0.10,7.87,0.01,58.6,64.2,61.3,-0.03,-0.03,-0.03
VEN,Venezuela (Bolivarian Republic of),Cntry/Terr,"28,435.943",32.2,6.95,259,0.05,0.08,0.09,280,0.05,0.08,0.10,7.33,0.04,68.4,76.1,72.2,-0.06,-0.06,-0.06
CYP,Cyprus,Cntry/Terr,"1,207.361",130.7,6.99,269,0.08,0.08,0.09,290,0.09,0.10,0.11,7.50,0.07,79.0,83.1,81.0,-0.11,-0.09,-0.10
HTI,Haiti,Cntry/Terr,"11,402.533",413.7,8.57,250,0.03,0.08,0.09,271,0.03,0.08,0.09,8.49,0.02,62.0,66.4,64.2,-0.04,-0.04,-0.04
NIC,Nicaragua,Cntry/Terr,"6,624.554",55.0,5.06,260,0.03,0.08,0.09,281,0.03,0.08,0.09,5.22,0.03,71.1,78.1,74.5,-0.07,-0.06,-0.07
NOR,Norway,Cntry/Terr,"5,421.242",14.8,8.00,274,0.09,0.08,0.09,295,0.11,0.09,0.11,8.10,0.09,80.5,84.4,82.4,-0.13,-0.11,-0.12
FIN,Finland,Cntry/Terr,"5,540.718",18.2,9.73,266,0.11,0.07,0.08,287,0.12,0.08,0.09,10.17,0.09,79.2,84.7,81.9,-0.10,-0.09,-0.09
MWI,Malawi,Cntry/Terr,"19,129.955",202.9,6.77,249,0.01,0.07,0.08,270,0.01,0.07,0.08,6.41,0.01,61.3,67.6,64.4,-0.03,-0.02,-0.03
BWA,Botswana,Cntry/Terr,"2,351.625",4.1,5.80,255,0.02,0.07,0.08,NA,NA,NA,NA,NA,NA,NA,NA,NA,NA,NA,NA
MLI,Mali,Cntry/Terr,"20,250.834",16.6,9.82,254,0.01,0.07,0.08,275,0.02,0.08,0.10,9.23,0.01,58.8,60.4,59.6,-0.04,-0.02,-0.03
UZB,Uzbekistan,Cntry/Terr,"33,469.199",78.7,5.77,260,0.03,0.07,0.08,281,0.02,0.07,0.07,5.90,0.02,69.6,73.9,71.7,-0.04,-0.03,-0.04
MDG,Madagascar,Cntry/Terr,"27,691.019",47.6,6.13,209,0.02,0.07,0.08,230,0.02,0.06,0.07,5.93,0.01,65.7,69.0,67.3,-0.03,-0.02,-0.03
SLE,Sierra Leone,Cntry/Terr,"7,976.985",110.5,11.91,235,0.01,0.07,0.07,256,0.01,0.06,0.07,11.40,0.01,54.1,55.8,54.9,-0.02,-0.01,-0.02
GHA,Ghana,Cntry/Terr,"31,072.945",136.6,7.35,264,0.01,0.06,0.07,285,0.01,0.06,0.07,7.23,0.01,63.2,65.4,64.3,-0.03,-0.02,-0.02
CUW,Curacao,Cntry/Terr,164.100,369.6,8.77,266,0.07,0.06,0.07,NA,NA,NA,NA,NA,NA,NA,NA,NA,NA,NA,NA
TJK,Tajikistan,Cntry/Terr,"9,537.642",68.1,4.90,224,0.02,0.06,0.06,245,0.01,0.05,0.06,4.74,0.01,69.0,73.6,71.2,-0.03,-0.02,-0.02
COM,Comoros,Cntry/Terr,869.595,467.3,7.27,223,0.01,0.06,0.06,244,0.01,0.06,0.07,7.13,0.01,62.7,66.3,64.5,-0.02,-0.02,-0.02
SOM,Somalia,Cntry/Terr,"15,893.219",25.3,10.94,248,0.01,0.05,0.06,269,0.01,0.06,0.07,10.56,0.01,55.9,59.4,57.6,-0.02,-0.02,-0.02
TCD,Chad,Cntry/Terr,"16,425.859",13.0,12.24,228,0.01,0.05,0.06,249,0.01,0.05,0.06,11.73,0.01,53.0,55.9,54.4,-0.02,-0.01,-0.01
TGO,Togo,Cntry/Terr,"8,278.737",152.2,8.56,258,0.01,0.05,0.06,279,0.01,0.05,0.06,8.27,0.01,60.4,62.2,61.3,-0.02,-0.01,-0.02
GIN,Guinea,Cntry/Terr,"13,132.792",53.4,8.54,241,0.01,0.05,0.05,262,0.01,0.04,0.05,8.16,0.01,61.0,62.4,61.7,-0.02,-0.01,-0.01
MOZ,Mozambique,Cntry/Terr,"31,255.435",39.7,8.62,201,0.01,0.04,0.05,222,0.01,0.04,0.04,8.16,0.00,58.0,63.9,60.9,-0.01,-0.01,-0.01
NGA,Nigeria,Cntry/Terr,"206,139.587",226.3,11.97,262,0.01,0.04,0.05,283,0.01,0.04,0.04,11.47,0.01,54.0,55.9,54.9,-0.01,-0.01,-0.01
AUS,Australia,Cntry/Terr,"25,499.881",3.3,6.60,286,0.05,0.04,0.05,307,0.05,0.04,0.05,6.90,0.04,81.6,85.5,83.5,-0.06,-0.05,-0.06
SSD,South Sudan,Cntry/Terr,"11,193.729",18.3,10.56,212,0.01,0.04,0.04,233,0.01,0.04,0.04,10.24,0.01,56.6,59.6,58.0,-0.01,-0.01,-0.01
CIV,Cote d'Ivoire,Cntry/Terr,"26,378.275",83.0,10.16,254,0.01,0.03,0.04,275,0.01,0.03,0.04,9.82,0.01,56.8,59.3,58.0,-0.01,-0.01,-0.01
URY,Uruguay,Cntry/Terr,"3,473.727",19.8,9.47,256,0.04,0.03,0.04,277,0.04,0.04,0.04,9.69,0.03,74.3,81.5,77.8,-0.03,-0.04,-0.04
MYS,Malaysia,Cntry/Terr,"32,365.998",98.5,5.05,269,0.02,0.03,0.04,290,0.02,0.04,0.04,5.41,0.02,74.3,78.4,76.3,-0.04,-0.03,-0.03
RWA,Rwanda,Cntry/Terr,"12,952.209",525.0,5.32,196,0.01,0.03,0.04,217,0.01,0.03,0.04,5.25,0.00,67.0,71.3,69.1,-0.02,-0.01,-0.01
BRB,Barbados,Cntry/Terr,287.371,668.3,8.98,250,0.04,0.03,0.03,271,0.04,0.03,0.04,9.24,0.03,77.9,80.6,79.2,-0.04,-0.03,-0.04
NER,Niger,Cntry/Terr,"24,206.636",19.1,8.41,261,0.00,0.03,0.03,282,0.01,0.03,0.04,7.90,0.00,61.5,63.9,62.7,-0.02,-0.01,-0.01
BFA,Burkina Faso,Cntry/Terr,"20,903.278",76.4,8.27,269,0.00,0.02,0.03,290,0.00,0.02,0.03,7.78,0.00,61.1,62.7,61.8,-0.01,-0.01,-0.01
COD,Democratic Republic of the Congo,Cntry/Terr,"89,561.404",39.5,9.58,266,0.01,0.02,0.03,287,0.01,0.02,0.03,9.16,0.00,59.3,62.5,60.9,-0.01,-0.01,-0.01
BEN,Benin,Cntry/Terr,"12,123.198",107.5,8.96,250,0.01,0.02,0.03,271,0.01,0.02,0.02,8.60,0.00,60.5,63.6,62.0,-0.01,-0.01,-0.01
BRN,Brunei Darussalam,Cntry/Terr,437.483,83.0,4.40,260,0.01,0.02,0.02,NA,NA,NA,NA,NA,NA,NA,NA,NA,NA,NA,NA
CUB,Cuba,Cntry/Terr,"11,326.616",106.4,8.91,269,0.02,0.01,0.02,290,0.02,0.02,0.02,9.49,0.01,77.0,80.9,78.9,-0.02,-0.01,-0.02
LKA,Sri Lanka,Cntry/Terr,"21,413.250",341.5,6.62,258,0.01,0.01,0.02,279,0.02,0.02,0.03,7.01,0.01,73.8,80.4,77.0,-0.02,-0.02,-0.02
HKG,"China, Hong Kong SAR",Cntry/Terr,"7,496.988","7,140.0",6.61,305,0.02,0.01,0.02,NA,NA,NA,NA,NA,NA,NA,NA,NA,NA,NA,NA
MUS,Mauritius,Cntry/Terr,"1,271.767",626.5,8.30,263,0.01,0.01,0.02,284,0.01,0.01,0.02,8.88,0.01,71.8,78.6,75.1,-0.01,-0.01,-0.01
KOR,Republic of Korea,Cntry/Terr,"51,269.183",527.3,5.92,297,0.01,0.01,0.01,318,0.01,0.01,0.01,6.73,0.01,80.0,86.0,83.0,-0.02,-0.02,-0.02
JPN,Japan,Cntry/Terr,"126,476.458",346.9,10.43,303,0.02,0.01,0.01,324,0.04,0.02,0.02,11.63,0.03,81.6,87.7,84.6,-0.03,-0.03,-0.03
SGP,Singapore,Cntry/Terr,"5,850.343","8,357.6",4.45,266,0.01,0.01,0.01,287,0.01,0.01,0.01,5.09,0.01,81.6,85.8,83.7,-0.01,-0.01,-0.01
NZL,New Zealand,Cntry/Terr,"4,822.233",18.3,6.98,259,0.01,0.01,0.01,280,0.01,0.01,0.01,7.26,0.01,80.7,84.1,82.4,-0.01,-0.01,-0.01
CHN,China,Cntry/Terr,"1,439,323.774",153.3,7.12,336,0.00,0.00,0.01,357,0.00,0.00,0.00,7.67,0.00,74.9,79.3,77.1,0.00,0.00,0.00
TZA,United Republic of Tanzania,Cntry/Terr,"59,734.213",67.4,6.50,256,0.00,0.00,0.00,NA,NA,NA,NA,NA,NA,NA,NA,NA,NA,NA,NA
THA,Thailand,Cntry/Terr,"69,799.978",136.6,7.61,286,0.00,0.00,0.00,307,0.00,0.00,0.00,8.17,0.00,73.6,81.0,77.2,0.00,0.00,0.00
CN21,Hainan,China,"9,689.620",285.0,6.01,305,0.00,0.00,0.00,326,0.00,0.00,0.00,NA,NA,NA,NA,NA,NA,NA,NA
BDI,Burundi,Cntry/Terr,"11,890.781",463.0,8.04,237,0.00,0.00,0.00,NA,NA,NA,NA,NA,NA,NA,NA,NA,NA,NA,NA
CN01,Beijing,China,"22,086.180","1,314.7",5.58,305,0.00,0.00,0.00,326,0.00,0.00,0.00,NA,NA,NA,NA,NA,NA,NA,NA
CN08,Heilongjiang,China,"38,461.125",84.7,6.67,323,0.00,0.00,0.00,344,0.00,0.00,0.00,NA,NA,NA,NA,NA,NA,NA,NA
CN09,Shanghai,China,"24,895.657","3,926.1",5.40,305,0.00,0.00,0.00,326,0.00,0.00,0.00,NA,NA,NA,NA,NA,NA,NA,NA
CN16,Henan,China,"98,844.373",591.9,6.80,305,0.00,0.00,0.00,NA,NA,NA,NA,NA,NA,NA,NA,NA,NA,NA,NA
TWN,"China, Taiwan Province of China",Cntry/Terr,"23,816.775",672.6,7.50,300,0.00,0.00,0.00,NA,NA,NA,NA,NA,NA,NA,NA,NA,NA,NA,NA
CN02,Tianjin,China,"16,016.070","1,416.7",5.42,305,0.00,0.00,0.00,NA,NA,NA,NA,NA,NA,NA,NA,NA,NA,NA,NA
CN22,Chongqing,China,"32,032.139",389.2,7.54,305,0.00,0.00,0.00,326,0.00,0.00,0.00,NA,NA,NA,NA,NA,NA,NA,NA
CN31,Xinjiang,China,"25,869.746",15.6,4.56,303,0.00,0.00,0.00,NA,NA,NA,NA,NA,NA,NA,NA,NA,NA,NA,NA
CN12,Anhui,China,"65,274.199",467.2,5.96,305,0.00,0.00,0.00,NA,NA,NA,NA,NA,NA,NA,NA,NA,NA,NA,NA
CN27,Shaanxi,China,"39,619.778",192.7,6.24,297,0.00,0.00,0.00,NA,NA,NA,NA,NA,NA,NA,NA,NA,NA,NA,NA
CN28,Gansu,China,"27,141.188",59.7,6.65,305,0.00,0.00,0.00,NA,NA,NA,NA,NA,NA,NA,NA,NA,NA,NA,NA
CN03,Hebei,China,"77,845.071",414.7,6.38,323,0.00,0.00,0.00,344,0.00,0.00,0.00,NA,NA,NA,NA,NA,NA,NA,NA
CN07,Jilin,China,"27,592.345",147.2,6.26,305,0.00,0.00,0.00,NA,NA,NA,NA,NA,NA,NA,NA,NA,NA,NA,NA
CN15,Shandong,China,"103,253.406",671.3,7.18,305,0.00,0.00,0.00,326,0.00,0.00,0.00,NA,NA,NA,NA,NA,NA,NA,NA
CN19,Guangdong,China,"118,131.330",656.3,4.55,305,0.00,0.00,0.00,326,0.00,0.00,0.00,NA,NA,NA,NA,NA,NA,NA,NA
CN18,Hunan,China,"70,934.167",337.8,7.08,305,0.00,0.00,0.00,NA,NA,NA,NA,NA,NA,NA,NA,NA,NA,NA,NA
CN24,Guizhou,China,"37,148.668",211.1,6.85,305,0.00,0.00,0.00,NA,NA,NA,NA,NA,NA,NA,NA,NA,NA,NA,NA
CN06,Liaoning,China,"44,623.518",305.9,7.39,303,0.00,0.00,0.00,NA,NA,NA,NA,NA,NA,NA,NA,NA,NA,NA,NA
CN05,Inner Mongolia,China,"26,044.057",22.0,5.95,284,0.00,0.00,0.00,NA,NA,NA,NA,NA,NA,NA,NA,NA,NA,NA,NA
CN25,Yunnan,China,"49,811.822",126.4,6.32,297,0.00,0.00,0.00,NA,NA,NA,NA,NA,NA,NA,NA,NA,NA,NA,NA
CN20,Guangxi,China,"50,857.686",215.5,5.96,305,0.00,0.00,0.00,NA,NA,NA,NA,NA,NA,NA,NA,NA,NA,NA,NA
CN23,Sichuan,China,"85,873.612",177.1,7.01,305,0.00,0.00,0.00,NA,NA,NA,NA,NA,NA,NA,NA,NA,NA,NA,NA
CN13,Fujian,China,"40,737.416",335.1,6.20,297,0.00,0.00,0.00,NA,NA,NA,NA,NA,NA,NA,NA,NA,NA,NA,NA
CN14,Jiangxi,China,"47,843.137",286.5,6.06,305,0.00,0.00,0.00,NA,NA,NA,NA,NA,NA,NA,NA,NA,NA,NA,NA
CN11,Zhejiang,China,"59,983.359",588.1,5.58,296,0.00,0.00,0.00,NA,NA,NA,NA,NA,NA,NA,NA,NA,NA,NA,NA
AND,Andorra,Cntry/Terr,77.265,164.4,NA,264,1.40,NA,NA,285,1.31,NA,NA,NA,NA,NA,NA,NA,NA,NA,NA
BMU,Bermuda,Cntry/Terr,62.273,"1,245.5",NA,249,0.21,NA,NA,NA,NA,NA,NA,NA,NA,NA,NA,NA,NA,NA,NA
CYM,Cayman Islands,Cntry/Terr,65.720,273.8,NA,272,0.04,NA,NA,NA,NA,NA,NA,NA,NA,NA,NA,NA,NA,NA,NA
IMN,Isle of Man,Cntry/Terr,85.032,149.2,NA,254,0.42,NA,NA,NA,NA,NA,NA,NA,NA,NA,NA,NA,NA,NA,NA
LIE,Liechtenstein,Cntry/Terr,38.137,238.4,NA,252,0.72,NA,NA,NA,NA,NA,NA,NA,NA,NA,NA,NA,NA,NA,NA
MAF,Saint Martin (French part),Cntry/Terr,38.659,729.4,NA,257,0.44,NA,NA,NA,NA,NA,NA,NA,NA,NA,NA,NA,NA,NA,NA
MCO,Monaco,Cntry/Terr,39.244,"26,338.3",NA,240,0.12,NA,NA,NA,NA,NA,NA,NA,NA,NA,NA,NA,NA,NA,NA
MNP,Northern Marianas,Cntry/Terr,57.557,125.1,NA,254,0.05,NA,NA,NA,NA,NA,NA,NA,NA,NA,NA,NA,NA,NA,NA
MSR,Montserrat,Cntry/Terr,4.999,50.0,NA,231,0.32,NA,NA,NA,NA,NA,NA,NA,NA,NA,NA,NA,NA,NA,NA
SMR,San Marino,Cntry/Terr,33.938,565.6,NA,280,1.89,NA,NA,301,2.17,NA,NA,NA,NA,NA,NA,NA,NA,NA,NA
SXM,Siint Maarten (Dutch part),Cntry/Terr,42.882,"1,261.2",NA,254,0.87,NA,NA,NA,NA,NA,NA,NA,NA,NA,NA,NA,NA,NA,NA
TCA,Turks and Caicos Islands,Cntry/Terr,38.718,40.8,NA,251,0.23,NA,NA,NA,NA,NA,NA,NA,NA,NA,NA,NA,NA,NA,NA
VGB,British Virgin Islands,Cntry/Terr,30.237,201.6,NA,237,0.05,NA,NA,NA,NA,NA,NA,NA,NA,NA,NA,NA,NA,NA,NA