LocID,Location,loc_type_fin,Pop_Mid2020,Density_Mid2020,CDR_Yr_Last,days_2021,CCDR_2021,CCMR_2021,ISCDR_2021,days_l12m,CCDR_l12m,CCMR_l12m,ISCDR_l12m,CDR_l12m,e0_l12m_M,e0_l12m_F,e0_l12m_B,e0_Diff_M,e0_Diff_F,e0_Diff_B
PE17,Madre de Dios,Peru,158.084038,1.853259523,NA,181,7.449705692,17.97351873,25.90430319,365,4.44067604,10.71378888,15.44122993,10.9157963,60.78088106,66.02588643,63.33942027,-7.463616686,-6.178275156,-6.836620818
PE07,Callao,Peru,1119.096445,7669.772087,NA,181,13.89676759,17.67123818,25.46864186,365,8.22181148,10.45491968,15.06813514,19.43675669,63.92316499,68.96232097,66.38128986,-8.395325191,-7.249150063,-7.836215373
PE11,Ica,Peru,954.3642539,44.74736783,NA,181,12.87664063,16.7121987,24.08642786,365,7.847108658,10.18452273,14.678426,19.25420788,63.34839149,68.55706688,65.88920875,-8.176512464,-7.028560289,-7.616535793
PE25,Ucayali,Peru,552.9170258,5.410185138,NA,181,9.519076865,18.68954743,26.93627833,365,5.159906219,10.13084708,14.60106606,14.1200583,60.24503804,65.69169627,62.9019445,-6.81979564,-5.637215501,-6.242927279
PE15,Lima,Peru,10693.43489,307.0345139,NA,181,13.05279622,15.78346063,22.74788569,365,7.636274108,9.233794025,13.30818988,19.64387773,64.22748856,69.26102849,66.68287389,-7.602362732,-6.565098744,-7.096380299
PE24,Tumbes,Peru,252.0305573,53.97724605,NA,181,9.225510282,14.00051719,20.1782215,365,5.646140752,8.568511466,12.34935252,15.77987391,62.9614554,68.33164538,65.58106027,-6.507373142,-5.504450227,-6.018142452
PE18,Moquegua,Peru,197.5214462,12.55382121,NA,181,10.94447209,12.67011426,18.26078056,365,6.637253954,7.683766315,11.07421509,19.59410382,64.19306804,69.32810461,66.69796393,-6.443213797,-5.576252115,-6.02030566
PE20,Piura,Peru,2076.317853,58.22948477,NA,181,8.996469572,12.22652905,17.62146412,365,5.252567657,7.138430305,10.28825049,17.19051656,63.87681687,68.81220989,66.28432566,-5.629779129,-4.830494267,-5.239884075
PER,Peru,Cntry/Terr,32971.846,25.759,5.452,181,9.432111142,12.1147882,17.46041781,365,5.52659381,7.098465279,10.23065097,11.43240759,66.23520589,72.61901071,69.34925702,-8.049959871,-7.038519726,-7.556574435
PE14,Lambayeque,Peru,1340.72463,92.59454942,NA,181,9.263709037,11.22633327,16.17993366,365,5.731229089,6.945456461,10.01012727,18.11226826,64.63831807,69.5744925,67.04620804,-6.162323117,-5.327893109,-5.755284089
PE16,Loreto,Peru,981.1696183,2.660631859,NA,181,6.188436703,11.00357209,15.85887949,365,3.888216603,6.913583147,9.96418991,13.91901858,62.89589541,67.86417589,65.31944686,-5.071741559,-4.174570569,-4.634097174
PE23,Tacna,Peru,371.146283,23.08713751,NA,181,8.45432165,12.39056681,17.85788327,365,4.672012302,6.847253153,9.868591919,15.08888429,63.98399543,69.00235758,66.43197697,-5.58802943,-4.781851634,-5.194771969
PE04,Arequipa,Peru,1556.126869,24.5657477,NA,181,8.961103069,10.81869034,15.59241899,365,5.212942571,6.293556831,9.070578041,17.58025893,65.34708669,70.19306325,67.71097769,-5.696674647,-4.930892504,-5.323122382
PE12,Junin,Peru,1393.373182,31.43268443,NA,181,8.17557707,11.07688617,15.96454329,365,4.507048135,6.106487497,8.800964682,17.49745677,62.79085504,67.87098762,65.26896849,-4.789504167,-4.003560554,-4.406117039
PE13,La Libertad,Peru,1990.97033,78.07757404,NA,181,7.424265188,9.458091223,13.63145783,365,4.677618676,5.95901992,8.588427288,17.00316583,65.10306583,70.01846781,67.50082289,-5.378975494,-4.642905965,-5.019917187
PE02,Ancash,Peru,1216.094852,33.88403182,NA,181,8.088884522,8.997399906,12.96748726,365,4.993031578,5.553831524,8.004450204,20.23146012,64.31978662,69.43223256,66.81366269,-4.810164732,-4.069205694,-4.448721299
PE19,Pasco,Peru,284.5809415,11.37148409,NA,181,5.909823742,9.351446731,13.47775664,365,3.239851535,5.126599433,7.388702682,14.63345983,63.20353566,68.29096103,65.68520658,-4.131049754,-3.500654283,-3.823539768
PE22,San Martin,Peru,909.6110642,17.73533424,NA,181,4.575812794,7.583350316,10.9294907,365,2.986990932,4.950245923,7.134533487,13.65390659,63.60813413,68.62465655,66.05521824,-3.894419978,-3.247113037,-3.578660495
PE10,Huanuco,Peru,804.8043386,21.59634266,NA,181,5.204277877,7.493533535,10.80004242,365,3.030550263,4.363627493,6.289070676,15.53112046,63.94584525,68.65759536,66.24425994,-3.648735197,-3.065716485,-3.364335825
MX23,Quintana Roo,Mexico,1497.403063,33.43683334,3.346464712,181,1.329207323,3.252429906,4.68755905,365,1.7730697,4.338514256,6.252876266,5.763937299,67.37883021,74.10538369,70.66007581,-5.264678788,-4.53104931,-4.90681075
PE08,Cusco,Peru,1350.177422,18.75598094,NA,181,5.798010256,8.05801196,11.61359598,365,3.1040365,4.313956364,6.217482246,16.37909909,63.25347417,68.05449576,65.59543592,-3.38647697,-2.786024807,-3.093573476
MX02,Baja California,Mexico,3605.789312,50.51421603,4.88103275,181,1.7918698,3.32088546,4.7862205,365,2.131849461,3.950972262,5.694332029,6.916082289,67.99410363,74.84485654,71.33593431,-4.959607373,-4.330741465,-4.652843515
BR51,Mato Grosso,Brazil,3524.464271,3.902166609,NA,181,4.197973535,4.964382017,7.154907109,365,3.177504194,3.757609367,5.415648086,NA,NA,NA,NA,NA,NA,NA
BR11,Rondonia,Brazil,1797.625809,7.560507202,NA,181,4.839440287,5.722958978,8.248204859,365,3.122451831,3.692506298,5.3218184,NA,NA,NA,NA,NA,NA,NA
PE01,Amazonas (PE),Peru,423.381312,10.78702412,NA,181,4.286719975,6.098793424,8.789875613,365,2.588682988,3.682965736,5.308068081,15.68835157,64.21142741,68.57994032,66.34240932,-2.926676688,-2.315080903,-2.62833728
PE03,Apurimac,Peru,453.9513999,21.72455956,NA,181,5.539510416,6.48424861,9.345412242,365,2.940843448,3.442390862,4.961339955,19.07270479,64.05785727,68.42790088,66.18958586,-2.762990737,-2.273938221,-2.524428534
MX09,Ciudad de Mexico,Mexico,10298.92046,6888.846188,6.225906895,181,3.508815968,4.053994084,5.842812054,365,2.965165146,3.425874161,4.937535287,9.825827952,68.98400798,75.56789138,72.19565842,-4.561406022,-3.915581618,-4.246369727
MX03,Baja California Sur,Mexico,727.0073472,9.814769234,3.820880152,181,2.091446865,3.860703604,5.56423248,365,1.852801083,3.420175734,4.929322438,6.66123673,68.45951993,75.26175519,71.77768347,-4.433267073,-3.871314814,-4.15914402
BR50,Mato Grosso do Sul,Brazil,2810.886048,7.870421945,NA,181,4.178230702,4.941034808,7.121257983,365,2.873471162,3.398070151,4.897462805,NA,NA,NA,NA,NA,NA,NA
PE05,Ayacucho,Peru,688.1996898,15.70476332,NA,181,4.623882782,5.798045464,8.356423128,365,2.696891654,3.381725091,4.873905516,17.58596909,64.40246513,69.2425394,66.76347697,-2.723721963,-2.258203878,-2.496639971
BR53,Distrito Federal,Brazil,3049.880335,529.4211456,NA,181,3.28813734,3.888440398,5.604208086,365,2.834537441,3.352028444,4.831105273,NA,NA,NA,NA,NA,NA,NA
PE09,Huancavelica,Peru,387.3863235,17.5088281,NA,181,4.966133386,5.97628771,8.613314461,365,2.697565548,3.246273625,4.678686321,18.97985225,64.25341554,68.48614777,66.31816297,-2.510922307,-2.010030133,-2.266584661
MX15,Mexico (State),Mexico,17378.1873,777.5366683,4.499645556,181,2.144545589,3.666845069,5.284834196,365,1.893350522,3.237339911,4.665810621,7.15026088,68.76273243,74.37888084,71.50231702,-4.354401569,-3.434489164,-3.905663811
PE21,Puno,Peru,1316.37493,18.28323907,NA,181,4.952681404,5.998503896,8.645333501,365,2.623112855,3.177016932,4.57887023,17.58054338,63.87504848,68.42044917,66.09231711,-2.688027805,-2.25033313,-2.474518207
BR43,Rio Grande do Sul,Brazil,11507.83861,40.85035953,NA,181,3.926662935,4.643539246,6.692493012,365,2.664792326,3.151293592,4.54179651,NA,NA,NA,NA,NA,NA,NA
BR52,Goias,Brazil,7098.917858,20.86669134,NA,181,3.488069567,4.12487351,5.944966906,365,2.621526319,3.100128671,4.468055155,NA,NA,NA,NA,NA,NA,NA
MX22,Queretaro,Mexico,2094.397352,178.9694428,4.356824114,181,2.487021934,4.078070492,5.877512136,365,1.878822085,3.08078059,4.440169767,7.213495619,68.65508022,75.17845311,71.83721334,-4.064454781,-3.466628891,-3.772832396
BR33,Rio de Janeiro,Brazil,17463.1277,399.1533089,NA,181,3.441997315,4.070390018,5.866442666,365,2.591574703,3.0647089,4.41700647,NA,NA,NA,NA,NA,NA,NA
BR41,Parana,Brazil,11565.20767,58.02943764,NA,181,3.929503572,4.646898487,6.697334513,365,2.581968335,3.053348732,4.400633649,NA,NA,NA,NA,NA,NA,NA
PE06,Cajamarca,Peru,1500.006301,45.03939131,NA,181,4.37594847,5.410487381,7.797855703,365,2.446656389,3.025082131,4.359894458,16.5672039,66.20246965,70.70139307,68.39706644,-2.670333138,-2.261337447,-2.470823045
PRY,Paraguay,Cntry/Terr,7132.53,17.953,5.476,181,2.968939454,4.984487777,7.1838845,365,1.787023679,3.000195127,4.324026106,7.455873567,68.55261851,73.4246422,70.92921543,-3.774930941,-3.064688059,-3.428470998
BR13,Amazonas (BR),Brazil,4192.172931,2.688724518,NA,181,3.855000497,4.558793661,6.570353583,365,2.498942714,2.955165431,4.259127133,NA,NA,NA,NA,NA,NA,NA
MX26,Sonora,Mexico,3077.473585,17.10683613,5.602295604,181,1.71287448,2.562175996,3.692731781,365,1.938928096,2.900314696,4.180073604,7.839176694,68.62107501,75.31631469,71.88704559,-3.767768988,-3.261073313,-3.520600366
BR35,Sao Paulo,Brazil,46446.15489,187.1172831,NA,181,3.482949528,4.118818725,5.936240457,365,2.415140721,2.856064018,4.116297391,NA,NA,NA,NA,NA,NA,NA
BR32,Espirito Santo,Brazil,4064.780182,88.22200692,NA,181,3.166168508,3.744204168,5.396327866,365,2.414398703,2.855186533,4.115032717,NA,NA,NA,NA,NA,NA,NA
BR14,Roraima,Brazil,612.7145454,2.739680481,NA,181,3.126653139,3.697474623,5.328978989,365,2.363253836,2.794704338,4.027862856,NA,NA,NA,NA,NA,NA,NA
MX05,Coahuila de Zaragoza,Mexico,3150.456468,20.74787105,5.309652084,181,1.429320194,2.200713803,3.171775012,365,1.793073498,2.760782093,3.97897248,7.443499111,69.03283412,75.68527452,72.277927,-3.668241885,-3.174921481,-3.427597785
MX08,Chihuahua,Mexico,3832.828236,15.52724882,7.576475907,181,1.652055299,2.587098764,3.728651678,365,1.735533029,2.717823888,3.917059039,7.377700601,68.77607947,75.477287,72.04496119,-3.615541532,-3.136554003,-3.381889079
BR42,Santa Catarina,Brazil,7247.032777,75.7022981,NA,181,3.219770801,3.807592432,5.487686094,365,2.27444811,2.689685678,3.876504892,NA,NA,NA,NA,NA,NA,NA
MX01,Aguascalientes,Mexico,1360.852057,242.3128719,4.368791118,181,1.630031739,2.685984708,3.871170876,365,1.59752854,2.632425571,3.793978861,6.848442345,69.3732397,75.82169624,72.51882826,-3.591454304,-3.063330756,-3.333833061
BR28,Sergipe,Brazil,2325.082788,106.0450547,NA,181,2.77279974,3.27901952,4.725881287,365,2.152611523,2.545605837,3.668850067,NA,NA,NA,NA,NA,NA,NA
BRA,Brazil,Cntry/Terr,212559.409,25.431,6.417,181,3.045703983,3.60174688,5.191011543,365,2.147122078,2.539114205,3.659494013,8.923779058,68.97308071,76.34711408,72.57017016,-3.475785556,-3.357020025,-3.417851151
COL,Colombia,Cntry/Terr,50882.884,45.861,5.525,181,2.485739106,3.087045903,4.449199638,365,2.015569715,2.503141305,3.607648134,7.853640289,70.75650907,76.91845808,73.76233786,-3.94042561,-3.240420141,-3.598959527
BR31,Minas Gerais,Brazil,21411.78807,36.50642275,NA,181,3.207696321,3.793313559,5.467106692,365,2.101459245,2.485114877,3.581667575,NA,NA,NA,NA,NA,NA,NA
JOR,Jordan,Cntry/Terr,10203.14,114.926,3.858,181,1.167869815,3.006790647,4.333531888,365,0.954020037,2.456214286,3.540014647,4.926516981,70.2366318,74.32505508,72.23098462,-2.733604147,-2.126804497,-2.437604318
MX25,Sinaloa,Mexico,3215.595895,55.99895444,5.588271531,181,1.363992823,1.864328102,2.686959694,365,1.754262719,2.397755494,3.455761013,8.179481961,68.95593542,75.55615771,72.17555605,-3.178117579,-2.734938291,-2.96193256
MX13,Hidalgo,Mexico,3072.136395,147.5537721,4.874263513,181,1.881921437,2.503766685,3.608549461,365,1.801677819,2.397008086,3.454683813,8.401737576,69.12335035,75.18154913,72.07856927,-3.206092646,-2.640540867,-2.930213729
MX19,Nuevo Leon,Mexico,5360.736534,83.51926647,4.967488693,181,1.717990816,2.570711722,3.705033882,365,1.599780169,2.393827485,3.450099777,7.317056311,69.63376391,76.24355493,72.85805221,-3.290338091,-2.853350066,-3.077173201
MX27,Tabasco,Mexico,2555.913904,103.3279274,4.983465134,181,0.848946536,1.369847656,1.974290596,365,1.473445563,2.377530109,3.426611212,7.070847181,68.87349,75.51029702,72.11095684,-3.162814003,-2.732609977,-2.95295838
MX29,Tlaxcala,Mexico,1345.007655,336.5002364,4.731028022,181,1.721200333,2.431399681,3.50425064,365,1.678057364,2.370455118,3.416414392,7.796842682,69.19658797,75.38063635,72.21319694,-3.246718025,-2.703705649,-2.981833939
PSE,State of Palestine,Cntry/Terr,5101.416,847.411,3.464,181,0.854236878,2.804369633,4.041792947,365,0.696473293,2.28644841,3.295339868,4.19164062,70.03709073,73.98836644,71.9645423,-2.522582526,-1.946828634,-2.241726969
MX21,Puebla,Mexico,6612.709445,192.7810566,5.368843957,181,2.000805565,2.775039222,3.999520543,365,1.634277158,2.266678629,3.266846705,8.040781574,68.71448648,75.24708806,71.9011214,-3.027187516,-2.582793939,-2.810410161
MEX,Mexico (Country),Cntry/Terr,128932.753,66.325,5.974,181,1.673472483,2.365612354,3.409434767,365,1.590239836,2.247955099,3.239861449,7.804564443,69.28134525,75.43743804,72.28431734,-3.075540114,-2.561542477,-2.824809559
BR17,Tocantins,Brazil,1590.920967,5.733735278,NA,181,2.498344412,2.954457899,4.258107404,365,1.888843042,2.233682122,3.219290545,NA,NA,NA,NA,NA,NA,NA
MX11,Guanajuato,Mexico,6295.742217,205.6362575,4.945344574,181,1.849136239,2.635069731,3.797789752,365,1.554701521,2.215492203,3.193074355,7.660217983,69.14633783,75.69155251,72.33912548,-3.019365169,-2.590340487,-2.810084836
BR25,Paraiba,Brazil,4064.251178,71.97537961,NA,181,2.438197611,2.88333032,4.155594901,365,1.872177596,2.213974126,3.19088643,NA,NA,NA,NA,NA,NA,NA
MKD,North Macedonia,Cntry/Terr,2083.38,82.608,10.017,181,2.88541161,2.56688752,3.699522257,365,2.487304284,2.212727746,3.189090086,12.81187907,71.37262295,76.05188894,73.65519173,-2.554805004,-1.933366463,-2.251664252
BR22,Piaui,Brazil,3310.800453,13.15080348,NA,181,2.276168357,2.691719984,3.879436833,365,1.785368851,2.11131703,3.042932066,NA,NA,NA,NA,NA,NA,NA
BR23,Ceara,Brazil,9236.905347,62.03660315,NA,181,2.742936313,3.243704037,4.674982907,365,1.77635251,2.10065461,3.02756487,NA,NA,NA,NA,NA,NA,NA
ZAF,South Africa,Cntry/Terr,59308.69,48.891,9.52,181,1.081072419,2.328681046,3.356207582,365,0.971307915,2.09224312,3.015441825,10.48414172,59.56847778,66.54019435,62.96931513,-1.276537636,-1.232144685,-1.254882538
ARG,Argentina,Cntry/Terr,45195.777,16.515,7.612,181,2.249806223,2.300970667,3.316270047,365,2.043575885,2.090050299,3.012281426,9.745427863,70.74305596,77.49658485,74.0374603,-2.661194591,-2.6099348,-2.636189815
BIH,Bosnia and Herzegovina,Cntry/Terr,3280.815,64.33,10.614,181,3.450067483,2.495045175,3.5959796,365,2.888611519,2.089007322,3.010778237,13.99697152,72.37277114,77.72675422,74.9844702,-2.685639799,-2.254324336,-2.475242012
MX31,Yucatan,Mexico,2269.236978,57.43943112,5.712891898,181,1.700890561,2.156957863,3.108711839,365,1.631826044,2.069374771,2.982482857,8.584255968,68.93322015,75.49444204,72.13381619,-2.751057846,-2.360789964,-2.560683269
MNE,Montenegro,Cntry/Terr,628.062,46.696,10.703,181,2.979612229,2.37356276,3.420893276,365,2.544334795,2.026820222,2.921151185,13.3840219,72.13993872,77.38723477,74.69959533,-2.449199524,-2.030277499,-2.244847317
BHR,Bahrain,Cntry/Terr,1701.583,2238.925,2.382,181,1.183931675,3.219391235,4.639942122,365,0.742837699,2.019952018,2.911252399,3.204241294,73.804083,76.60514332,75.17045389,-2.754881219,-1.940957987,-2.357845496
MX24,San Luis Potosi,Mexico,2972.709603,48.63459322,5.140169204,181,1.616537732,2.010429468,2.897528039,365,1.612670136,2.00561948,2.890595652,8.616473663,69.52049811,75.32985709,72.35433176,-2.750476887,-2.229266914,-2.496228119
BR16,Amapa,Brazil,855.4391669,6.004313832,NA,181,2.140479177,2.531258533,3.64817204,365,1.655290119,1.957490305,2.821229562,NA,NA,NA,NA,NA,NA,NA
MX17,Morelos,Mexico,2047.959414,419.795341,5.493952095,181,2.095388556,2.656401288,3.828533822,365,1.537628128,1.94930784,2.809436598,8.364593381,69.93833095,75.61016838,72.70508091,-2.733230052,-2.196695623,-2.47150594
MX06,Colima,Mexico,749.7410318,133.2248054,4.954231387,181,1.135051223,1.531297128,2.206979371,365,1.433828421,1.93437732,2.787918011,7.750114673,70.34033284,75.75023821,72.97931107,-2.803857157,-2.214759793,-2.516492589
BOL,Bolivia (Plurinational State of),Cntry/Terr,11673.029,10.775,6.785,181,1.302054732,1.885760011,2.717848396,365,1.334615034,1.932916949,2.785813254,8.276327732,66.08739998,72.18764284,69.0631282,-2.795439691,-2.507443825,-2.654953903
HUN,Hungary,Cntry/Terr,9660.35,106.709,12.528,181,4.269722792,2.70446176,3.897800895,365,3.043989089,1.92807648,2.778836935,15.95009021,71.05136229,78.10849365,74.49386539,-2.312743689,-2.259515171,-2.286778558
BR24,Rio Grande do Norte,Brazil,3547.108252,67.16786564,NA,181,2.134763597,2.524499481,3.638430568,365,1.610889658,1.904983818,2.745554676,NA,NA,NA,NA,NA,NA,NA
BR12,Acre,Brazil,892.0587535,5.435274239,NA,181,2.1317316,2.520913944,3.633262919,365,1.53913629,1.820130702,2.623260268,NA,NA,NA,NA,NA,NA,NA
MX28,Tamaulipas,Mexico,3689.7431,45.94464224,5.262265822,181,1.066290229,1.54763772,2.230530222,365,1.248325392,1.811847665,2.611322355,7.345108172,69.71249332,76.22687875,72.89024231,-2.514018683,-2.163202248,-2.342888715
MX14,Jalisco,Mexico,8442.703892,107.3904182,5.330797877,181,1.588618734,2.170890024,3.128791541,365,1.322798969,1.807640199,2.605258351,7.604983921,69.94588633,76.43657671,73.11207676,-2.52643667,-2.173478291,-2.354261851
MX04,Campeche,Mexico,945.7852605,16.4446194,4.644710076,181,0.718541157,1.063950372,1.533416657,365,1.215920831,1.800424941,2.594859373,7.288060841,69.43078228,75.73242291,72.50475332,-2.480560719,-2.095925093,-2.292933585
CZE,Czechia,Cntry/Terr,10708.982,138.646,10.497,181,3.524727476,2.214567378,3.191741454,365,2.796624366,1.757104098,2.532423281,13.67563685,74.25624162,79.80647469,76.96367239,-2.639374288,-2.247104545,-2.448023194
MX32,Zacatecas,Mexico,1713.503297,22.75984007,5.616944886,181,1.26749148,1.514038482,2.182105378,365,1.457832036,1.741403267,2.509794486,8.545565756,69.61896568,76.07725535,72.76935089,-2.436034322,-2.084559647,-2.264583261
SVK,Slovakia,Cntry/Terr,5459.643,113.534,9.869,181,3.831003529,2.908906585,4.192456651,365,2.28623007,1.735949773,2.501934647,12.56622321,71.92863462,78.9906031,75.37349729,-2.233019713,-2.061255185,-2.149232138
BR29,Bahia,Brazil,15043.79227,26.6374759,NA,181,1.980811894,2.342441386,3.376039649,365,1.465920269,1.733547903,2.498472957,NA,NA,NA,NA,NA,NA,NA
SWZ,Eswatini,Cntry/Terr,1160.164,67.451,9.42,181,0.822159435,2.469159465,3.558671865,365,0.574918718,1.726631034,2.48850403,9.859531684,55.22564034,63.78773723,59.40227297,-0.834863107,-0.977468482,-0.904426704
PAN,Panama,Cntry/Terr,4314.768,58.041,5.06,181,1.174957381,1.440127532,2.075581347,365,1.368555621,1.677417973,2.417575791,6.680571844,72.3585424,78.92916213,75.56372276,-3.272135686,-2.935211423,-3.107782387
MX10,Durango,Mexico,1858.666308,15.02473172,5.646890811,181,1.035049781,1.460797331,2.10537166,365,1.183644418,1.670513475,2.407624695,7.395515817,69.76029615,76.25016559,72.92608612,-2.354076853,-2.022496411,-2.192330296
LBN,Lebanon,Cntry/Terr,6825.442,667.199,4.308,181,1.884968894,2.72778661,3.931417796,365,1.144834283,1.656718919,2.387743315,5.798500369,74.78157859,78.8559334,76.76906874,-2.492949381,-2.10951708,-2.305909234
MX18,Nayarit,Mexico,1255.449391,45.12762574,5.470151957,181,1.321949651,1.653712139,2.383409797,365,1.314270421,1.644105695,2.369564526,8.123634008,70.50924311,75.99295262,73.18422335,-2.389955894,-1.903937384,-2.152873694
OMN,Oman,Cntry/Terr,5106.622,16.5,2.44,181,0.614850018,1.789778477,2.579515174,365,0.563973601,1.641681358,2.366070455,3.064746357,73.79088046,78.13882464,75.91182884,-2.536767914,-2.349949061,-2.445636766
BLZ,Belize,Cntry/Terr,397.621,17.432,4.702,181,0.410799584,0.805601618,1.161071957,365,0.822391171,1.6127564,2.324382409,5.763355403,69.4120841,75.88380413,72.5690207,-2.368569269,-2.029038829,-2.202944664
TUN,Tunisia,Cntry/Terr,11818.618,76.072,6.258,181,1.734764066,2.222157851,3.20268121,365,1.251669188,1.603334176,2.310802645,7.632179147,72.77365248,77.19452051,74.93017347,-2.096711942,-1.699029937,-1.90272072
BR26,Pernambuco,Brazil,9666.776852,98.57230271,NA,181,1.665949767,1.970096046,2.839397563,365,1.325260756,1.567208704,2.25873687,NA,NA,NA,NA,NA,NA,NA
US28,Mississippi,U.S.A.,3019.797921,24.85299475,10.82,181,1.752934609,1.301340042,1.875554115,365,2.099147084,1.558360558,2.245984494,13.12064118,70.20838709,76.43108766,73.24385078,-2.056206773,-1.880260766,-1.970379453
BGR,Bulgaria,Cntry/Terr,6948.445,64.006,15.382,181,3.039469354,1.823939485,2.628749669,365,2.564458667,1.538892772,2.217926581,18.10943793,70.01337612,77.23565235,73.5364377,-1.67913596,-1.531686351,-1.607209321
US48,Texas,U.S.A.,28999.32054,42.74928027,7,181,1.694240496,1.502954524,2.166130642,365,1.719109244,1.525015499,2.197925985,8.997219236,73.91639391,79.18147511,76.4847262,-2.662236768,-2.306419795,-2.488667513
BR27,Alagoas,Brazil,3375.666603,121.2380432,NA,181,1.691198606,1.999954472,2.882430969,365,1.26434287,1.495169265,2.154910151,NA,NA,NA,NA,NA,NA,NA
US04,Arizona,U.S.A.,7262.285795,24.67367208,8.23,181,2.51742574,1.665186426,2.399947094,365,2.242406931,1.483271392,2.137762363,10.87052427,74.20185854,79.9650451,77.01316906,-2.903829456,-2.547152469,-2.729840682
US13,Georgia (USA),U.S.A.,10628.51002,70.85224615,7.97,181,1.988017932,1.655793574,2.386409662,365,1.750668717,1.458108584,2.101496508,10.19673837,72.9026283,78.31035578,75.54054414,-2.353670791,-1.999685359,-2.18099497
US01,Alabama,U.S.A.,4944.685616,37.61844948,10.92,181,2.655359338,1.832580366,2.641203324,365,2.100841349,1.449883092,2.089641531,13.47140008,70.90111828,76.74533396,73.7519552,-2.02639221,-1.793725234,-1.912896124
IRN,Iran (Islamic Republic of),Cntry/Terr,83992.953,51.575,4.879,181,0.69395193,1.142163308,1.646140917,365,0.872811318,1.436544837,2.070417794,5.790473428,73.81014879,76.71670332,75.22798027,-1.922698903,-1.323938912,-1.630620858
BR15,Para,Brazil,8701.617498,6.984365885,NA,181,1.913304024,2.262608855,3.26098115,365,1.209430316,1.43023153,2.061318751,NA,NA,NA,NA,NA,NA,NA
MDA,Republic of Moldova,Cntry/Terr,4033.963,122.799,11.621,181,1.602676604,1.622570398,2.338526816,365,1.399616209,1.416989443,2.042233616,13.34146154,66.57259676,74.98384069,70.67564258,-1.149120202,-1.244970712,-1.195876548
US46,South Dakota,U.S.A.,893.1318086,4.543567597,9.19,181,1.230538582,0.787356907,1.134776799,365,2.174371108,1.391265691,2.005159303,11.69303998,74.21616442,79.775519,76.9280447,-2.467922552,-2.23916118,-2.356331639
ECU,Ecuador,Cntry/Terr,17643.06,71.038,5.099,181,0.858495732,1.231055536,1.774256689,365,0.964571905,1.383165389,1.993484756,6.225418621,72.14972164,77.95913038,74.98357956,-2.347644979,-2.037905886,-2.196552739
ARM,Armenia,Cntry/Terr,2963.234,104.083,9.905,181,1.150779056,1.140194021,1.643302686,365,1.373836828,1.361200075,1.961827285,10.8765581,69.9559127,77.21616446,73.49749892,-1.508450776,-1.381531286,-1.44653883
MX12,Guerrero,Mexico,3882.954143,61.07277211,4.860763558,181,0.962856924,1.26602633,1.824658288,365,1.033491474,1.358901188,1.958514018,8.380876159,68.48680854,74.84471581,71.58822672,-1.765736461,-1.486641186,-1.629592424
HND,Honduras,Cntry/Terr,9904.608,88.521,4.437,181,0.783858599,1.625720041,2.343066234,365,0.654543824,1.357521642,1.956525749,5.22134052,70.97524117,75.88084305,73.3682177,-2.150148952,-1.828613271,-1.993302278
SUR,Suriname,Cntry/Terr,586.634,3.76,7.321,181,1.354388574,2.07993028,2.997695966,365,0.857434107,1.316758866,1.897776468,8.390629019,67.23806677,73.93736331,70.5060163,-1.346161607,-1.260764733,-1.304504595
CHL,Chile,Cntry/Terr,19116.209,25.71,6.12,181,1.675291424,1.539554788,2.21888071,365,1.402003922,1.288409778,1.856918393,7.899340301,75.56827452,80.47872951,77.96361842,-2.415132039,-2.079764736,-2.251538233
US38,North Dakota,U.S.A.,769.9672239,4.308829918,8.49,181,0.699283551,0.465120027,0.670353445,365,1.922159741,1.278501388,1.842637944,10.8144588,74.95924243,80.09986599,77.46686368,-2.469556992,-2.098835143,-2.288717066
MX16,Michoacan de Ocampo,Mexico,4992.690384,85.1423756,5.553158937,181,1.300575374,1.57664004,2.272329767,365,1.054341366,1.278139542,1.842116434,8.175349524,70.60888882,75.70153154,73.09310478,-1.912563177,-1.475860465,-1.699537464
BWA,Botswana,Cntry/Terr,2351.625,4.149,5.802,181,0.928698358,2.448158046,3.528403605,365,0.477967363,1.259978157,1.815941368,6.418803319,65.20299137,71.24893512,68.15223222,-1.171905465,-1.027482467,-1.101455222
US32,Nevada,U.S.A.,3070.509339,10.7965868,8.22,181,1.678667632,1.254383705,1.807878373,365,1.684085417,1.258432142,1.813713177,10.44362677,73.76812364,79.11494512,76.37632924,-2.206104821,-1.914110332,-2.063668485
US05,Arkansas,U.S.A.,3049.575428,22.61036639,10.85,181,1.473957558,1.003769673,1.446681328,365,1.847798205,1.258356314,1.81360389,13.02346621,71.68159365,77.16082031,74.35438714,-1.866793887,-1.609191229,-1.741134054
MYT,Mayotte,Cntry/Terr,272.813,727.501,2.685,181,0.879622216,2.164923748,3.120192657,365,0.509506512,1.253996007,1.807319605,3.339075046,74.17183937,80.9889244,77.4972467,-2.155884072,-2.082892568,-2.120278461
POL,Poland,Cntry/Terr,37846.605,123.589,10.089,181,2.475041185,1.596801667,2.301387678,365,1.943159763,1.253652169,1.806824049,12.52918065,73.08581733,80.76863188,76.83353175,-1.898067476,-1.902455957,-1.900208199
US40,Oklahoma,U.S.A.,3989.492189,22.42832529,10.29,181,2.474282973,1.767220213,2.547003115,365,1.7538573,1.252666774,1.80540385,12.39601493,71.86322763,77.07604827,74.40606697,-1.887028872,-1.619322374,-1.756440337
MX30,Veracruz de Ignacio de la Llave,Mexico,8831.400657,122.9408844,5.897926966,181,0.867697404,1.072264402,1.545399238,365,1.011164632,1.249555242,1.800919359,8.271763878,69.7829559,76.1579561,72.89271209,-1.727941097,-1.470250904,-1.602238564
US47,Tennessee,U.S.A.,6847.751908,64.1424515,10.44,181,1.665913512,1.183881323,1.706266935,365,1.746558602,1.24119175,1.788865492,12.4906296,71.91795058,77.27523989,74.53126243,-1.847223596,-1.575117299,-1.714488817
US45,South Carolina,U.S.A.,5145.408473,65.97709479,9.84,181,1.771858104,1.213008319,1.74824617,365,1.764291416,1.207828189,1.740780316,12.1009778,72.46530784,78.24135203,75.28289038,-1.912293759,-1.669065293,-1.793645727
IRQ,Iraq,Cntry/Terr,40222.503,92.61,4.797,181,0.217738399,0.689694397,0.994020872,365,0.378221117,1.198029313,1.726657702,5.154933623,67.48626639,71.92528358,69.65164063,-1.157031518,-0.887396194,-1.025502092
US35,New Mexico,U.S.A.,2121.624299,6.749585789,8.94,181,1.76885479,1.16998652,1.686241075,365,1.810405358,1.197469616,1.72585104,11.26980034,73.04070574,79.183954,76.03741221,-2.183705484,-1.962059551,-2.075585516
US22,Louisiana,U.S.A.,4713.233904,41.77058341,9.78,181,1.387957417,1.041476123,1.501025684,365,1.593597974,1.195781815,1.7234185,11.59654177,71.86878008,77.66847407,74.6978991,-1.829621979,-1.603876496,-1.719502231
US18,Indiana,U.S.A.,6767.587151,72.84526274,9.84,181,1.663000788,1.174408948,1.692614891,365,1.65553834,1.169138977,1.685019555,11.82624712,72.80649949,78.34108118,75.50629543,-1.802765089,-1.595982102,-1.701895339
BR21,Maranhao,Brazil,7156.397176,21.70959169,NA,181,1.274519374,1.507203656,2.172254697,365,0.974652444,1.152591132,1.661170001,NA,NA,NA,NA,NA,NA,NA
SVN,Slovenia,Cntry/Terr,2078.932,103.224,9.939,181,1.670348735,0.926884362,1.335870504,365,2.07221785,1.149883422,1.657267519,12.61116884,76.72464258,82.30331048,79.44594399,-2.019818814,-1.838797425,-1.931515697
IT02,Valle d'Aosta/Vallee d'Aoste,Italy,125.9531729,38.70125138,11.7,181,1.504987979,0.663798551,0.956698529,365,2.596202958,1.145096032,1.650367702,14.94838064,75.90430153,83.27714066,79.50080842,-2.149698271,-1.977198473,-2.065552028
IT06,Friuli-Venezia Giulia,Italy,1218.961536,155.1478388,11.9,181,3.551864031,1.437436987,2.071703605,365,2.825355763,1.143419579,1.647951517,15.03597017,78.41510588,83.73626851,81.01079497,-2.420901147,-2.180860463,-2.303808131
ES18,Ceuta,Spain,83.67289829,4183.644915,6.29,181,1.373739332,1.164085846,1.677736738,365,1.338545721,1.134263315,1.634755067,8.245838038,77.0725519,81.23308065,79.10207812,-2.115375993,-1.675822625,-1.900959716
URY,Uruguay,Cntry/Terr,3473.727,19.848,9.465,181,3.121466237,2.214413289,3.191519373,365,1.592237962,1.129556636,1.627971574,11.237655,72.67171488,79.67128272,76.08613822,-1.636207418,-1.915954927,-1.772669618
US20,Kansas,U.S.A.,2945.539241,13.8991931,9.29,181,1.652672279,1.116699747,1.609441604,365,1.655723995,1.118761772,1.612413494,11.33067751,74.35827067,79.33804266,76.78742774,-1.94939534,-1.657423969,-1.806970281
HRV,Croatia,Cntry/Terr,4105.268,73.361,13.134,181,2.104861875,1.189365488,1.71417098,365,1.972587417,1.114622971,1.606448455,15.28915385,73.92972282,80.29135749,77.03295925,-1.542482545,-1.410008148,-1.477860888
GEO,Georgia,Cntry/Terr,3989.175,57.406,12.848,181,1.411388631,1.152926964,1.661654018,365,1.3240833,1.081609491,1.558867833,13.93439572,68.41740606,77.13741883,72.67107083,-1.047542417,-1.091166731,-1.06882257
US06,California,U.S.A.,40011.01516,99.0443494,6.78,181,1.901307911,1.425362798,2.0543017,365,1.438078983,1.078091703,1.553797826,8.682356726,76.39150459,81.56809318,78.91666975,-2.289432824,-1.9925182,-2.144596422
ROU,Romania,Cntry/Terr,19237.682,83.58,13.026,181,1.869854043,1.202562442,1.733191067,365,1.661010926,1.06824881,1.539611774,14.895418,71.40618117,78.40156589,74.81856396,-1.335033673,-1.210126041,-1.274103121
US19,Iowa,U.S.A.,3194.037144,22.07107123,9.71,181,1.416131557,0.890442116,1.28334818,365,1.696285846,1.066598898,1.537233841,11.64055248,74.98491913,80.07346248,77.4671354,-1.906528299,-1.643408316,-1.778177088
ES19,Melilla,Spain,85.18719925,7098.933271,5.78,181,1.27830271,1.204361307,1.735783678,365,1.115191024,1.05068456,1.514297328,7.559799854,76.86656233,81.22453531,78.99240281,-1.861316664,-1.511141084,-1.690499308
US21,Kentucky,U.S.A.,4519.892634,43.92223863,10.82,181,2.049637988,1.436548698,2.07042336,365,1.471716374,1.031495442,1.486641045,12.95200602,71.47739544,76.74353709,74.04624503,-1.465414997,-1.255650939,-1.363091066
US44,Rhode Island,U.S.A.,1070.329255,395.4661943,9.59,181,1.791749989,1.105382775,1.593131038,365,1.661171076,1.024824839,1.47702705,11.41780103,75.31670193,80.40892893,77.8007151,-1.9204615,-1.663464579,-1.795097149
LBY,Libya,Cntry/Terr,6871.287,3.905,5.07,181,0.502728567,1.104272909,1.591531445,365,0.460903467,1.012401613,1.459122097,5.662271641,69.20141941,75.20445053,72.12972727,-1.051963751,-0.890390341,-0.973147453
US17,Illinois,U.S.A.,12887.40289,89.50418228,8.57,181,1.201425904,0.832680843,1.200099843,365,1.453590002,1.007450018,1.451985618,10.53165652,74.83034683,80.09430831,77.39813292,-1.834514077,-1.582295508,-1.711480628
USA,United States of America,Cntry/Terr,331002.647,36.185,8.685,181,1.576309021,1.093710937,1.576309021,365,1.441248293,1,1.441248293,10.51285662,74.62864191,79.91589021,77.20778742,-1.827391562,-1.582719132,-1.708039157
GTM,Guatemala,Cntry/Terr,17915.567,167.185,4.753,181,0.487834644,1.042482267,1.502475788,365,0.467414735,0.998845773,1.439584766,5.286297876,70.01774137,76.09845112,72.98394125,-1.547578733,-1.242944586,-1.39897671
CPV,Cabo Verde,Cntry/Terr,555.988,137.962,5.642,181,0.627472901,1.265544076,1.823963239,365,0.487420592,0.983073917,1.416853604,6.120591602,68.67525195,75.46767329,71.98862822,-1.009002348,-0.901767969,-0.956692895
CRI,Costa Rica,Cntry/Terr,5094.114,99.767,5.046,181,0.980158409,1.053724608,1.518678793,365,0.911836681,0.980274964,1.412819618,6.318305846,75.98350958,81.30669576,78.58018577,-1.992851433,-1.712925787,-1.856302337
US42,Pennsylvania,U.S.A.,12966.16963,111.6976917,10.59,181,1.823229569,1.091559758,1.573208638,365,1.621218956,0.970616867,1.398899902,12.59318688,73.88423567,79.49158573,76.61952838,-1.648070101,-1.458838565,-1.555762035
US39,Ohio,U.S.A.,11827.21457,111.5068049,10.61,181,1.9346966,1.257109204,1.811806495,365,1.475072587,0.958458978,1.381377366,12.39801012,73.02374878,78.46170604,75.67641086,-1.534212974,-1.326331767,-1.432807508
US26,Michigan,U.S.A.,10114.52751,68.74280431,9.8,181,1.590606386,1.037153581,1.494795828,365,1.463538459,0.954299044,1.375381868,11.78155987,73.93639573,79.11462298,76.46236024,-1.621772033,-1.380634986,-1.504144206
US30,Montana,U.S.A.,1076.137213,2.854544268,9.71,181,1.319226295,0.821674867,1.184237499,365,1.526756979,0.95093453,1.370532769,11.43551056,74.84060651,79.58764195,77.15623355,-1.773615506,-1.438343425,-1.610068149
US25,Massachusetts,U.S.A.,6985.561015,344.1112208,8.57,181,1.607356556,1.055961233,1.521902324,365,1.422648801,0.934616514,1.347014456,10.34426067,75.59522174,81.13410852,78.29711773,-1.787171564,-1.561854833,-1.677260964
MX20,Oaxaca,Mexico,4386.373341,46.8407516,5.713102866,181,0.84315618,0.986364726,1.421596478,365,0.795189951,0.93025152,1.340723415,8.416916915,70.03947301,75.74833545,72.82428396,-1.352536986,-1.094138552,-1.226488969
US29,Missouri,U.S.A.,6200.299778,34.74608441,10.12,181,1.308433438,0.86375876,1.244890839,365,1.405093352,0.927568538,1.336856572,11.84432026,73.45757108,78.8548168,76.09037387,-1.541108975,-1.350170051,-1.447968037
UKR,Ukraine,Cntry/Terr,43733.759,75.492,15.191,181,1.625386332,1.227607049,1.769286564,365,1.220064344,0.921479133,1.328080228,16.17637899,66.40127592,76.06339004,71.11450232,-0.791800978,-0.884232155,-0.836889357
GUY,Guyana,Cntry/Terr,786.559,3.996,7.422,181,0.779393121,1.233929617,1.778398954,365,0.579740363,0.917840797,1.322836482,8.174461785,65.69333781,72.12910018,68.83273409,-1.288224568,-1.078067563,-1.185708956
IT05,Veneto,Italy,4914.725138,267.2179912,10,181,2.082747724,0.958704881,1.381731773,365,1.953924122,0.899406381,1.296267911,12.41061294,78.9143364,84.53028096,81.65382155,-1.952668646,-1.739192317,-1.848533851
GUM,Guam,Cntry/Terr,168.783,312.561,5.179,181,0.227006968,0.254646403,0.367008693,365,0.799843586,0.89722925,1.293130125,6.303119597,75.66119264,82.13507269,78.81918291,-1.395502498,-1.499049979,-1.446013464
US54,West Virginia,U.S.A.,1828.890267,29.31656199,12.82,181,1.699140453,0.993623448,1.432058098,365,1.523328136,0.890811911,1.283881146,14.89756982,71.21006764,76.85764387,73.96498287,-1.290469428,-1.097990522,-1.196577279
MDV,Maldives,Cntry/Terr,540.542,1801.807,2.839,181,0.604365772,1.42698353,2.056637577,365,0.371848996,0.877982206,1.265390355,3.096873349,76.29551406,79.79733371,78.00371876,-1.489204116,-1.160316116,-1.328770945
US56,Wyoming,U.S.A.,584.6326195,2.324575586,8.23,181,1.065834382,0.749520924,1.080245752,365,1.243515972,0.874470983,1.260329811,9.934581596,75.18716635,79.94190682,77.50655194,-1.674816582,-1.4756374,-1.577656006
IT21,Bolzano (Provincia autonoma di),Italy,531.1911956,71.77974944,8.3,181,1.674179466,0.872437016,1.25739836,365,1.671714455,0.871152466,1.255547005,10.63747249,78.47745689,84.76827642,81.54614934,-1.994051764,-1.734351189,-1.867368556
GUF,French Guiana,Cntry/Terr,298.682,3.634,2.924,181,0.486113559,0.986056496,1.421152242,365,0.428549427,0.869290598,1.25286359,3.532657897,75.86838839,81.76222917,78.74343267,-1.374747504,-1.403225389,-1.388639155
ES02,Aragon,Spain,1315.01689,27.556934,10.26,181,1.39548236,0.603439899,0.869706724,365,2.001495205,0.865494326,1.24739222,13.55921914,79.26486394,84.95443914,82.04026648,-1.867431446,-1.757794069,-1.813949799
US12,Florida,U.S.A.,21586.29515,154.3498899,9.7,181,1.503955822,0.818695968,1.179944166,365,1.587442392,0.86414286,1.245444422,11.73748506,75.2939541,81.03322243,78.09359719,-1.854783522,-1.664899388,-1.762157115
BHS,Bahamas,Cntry/Terr,393.248,39.286,6.714,181,0.389727776,0.561299879,0.808972493,365,0.597587273,0.860666559,1.24043421,7.700762234,70.64384156,75.37670787,72.95255683,-1.068282308,-0.815796621,-0.945118558
IT08,Emilia-Romagna,Italy,4468.697467,164.4931943,11.2,181,2.492346264,1.059264011,1.526662448,365,2.014233469,0.856062841,1.233799108,13.58714036,78.94467902,84.37229018,81.59229422,-1.88930254,-1.655077379,-1.775046364
ABW,Aruba,Cntry/Terr,106.766,593.144,8.974,181,1.095492254,0.961957813,1.386420056,365,0.974092876,0.855356347,1.232780876,10.52498262,72.81782189,77.80252482,75.2493843,-1.089924012,-0.962915812,-1.027968793
AND,Andorra,Cntry/Terr,77.265,164.394,NA,181,1.122276674,NA,1.386420056,365,0.970685304,0.855356347,1.232780876,NA,NA,NA,NA,NA,NA,NA
BMU,Bermuda,Cntry/Terr,62.273,1245.46,NA,181,0.744804578,NA,1.386420056,365,0.385399772,0.855356347,1.232780876,NA,NA,NA,NA,NA,NA,NA
CYM,Cayman Islands,Cntry/Terr,65.72,273.833,NA,181,0,NA,1.386420056,365,0.015216068,0.855356347,1.232780876,NA,NA,NA,NA,NA,NA,NA
IMN,Isle of Man,Cntry/Terr,85.032,149.179,NA,181,0.094861915,NA,1.386420056,365,0.058801392,0.855356347,1.232780876,NA,NA,NA,NA,NA,NA,NA
LIE,Liechtenstein,Cntry/Terr,38.137,238.356,NA,181,1.057542327,NA,1.386420056,365,1.520832787,0.855356347,1.232780876,NA,NA,NA,NA,NA,NA,NA
MAF,Saint Martin (French part),Cntry/Terr,38.659,729.415,NA,181,0,NA,1.386420056,365,0.23280478,0.855356347,1.232780876,NA,NA,NA,NA,NA,NA,NA
MCO,Monaco,Cntry/Terr,39.244,26338.255,NA,181,1.541566547,NA,1.386420056,365,0.738966466,0.855356347,1.232780876,NA,NA,NA,NA,NA,NA,NA
MNP,Northern Marianas,Cntry/Terr,57.557,125.124,NA,181,0,NA,1.386420056,365,0,0.855356347,1.232780876,NA,NA,NA,NA,NA,NA,NA
MSR,Montserrat,Cntry/Terr,4.999,49.99,NA,181,0,NA,1.386420056,365,0,0.855356347,1.232780876,NA,NA,NA,NA,NA,NA,NA
SMR,San Marino,Cntry/Terr,33.938,565.633,NA,181,1.842000476,NA,1.386420056,365,1.414343803,0.855356347,1.232780876,NA,NA,NA,NA,NA,NA,NA
SXM,Siint Maarten (Dutch part),Cntry/Terr,42.882,1261.235,NA,181,0.282156791,NA,1.386420056,365,0.419756541,0.855356347,1.232780876,NA,NA,NA,NA,NA,NA,NA
TCA,Turks and Caicos Islands,Cntry/Terr,38.718,40.756,NA,181,0.625003746,NA,1.386420056,365,0.413244486,0.855356347,1.232780876,NA,NA,NA,NA,NA,NA,NA
VGB,British Virgin Islands,Cntry/Terr,30.237,201.58,NA,181,0,NA,1.386420056,365,0,0.855356347,1.232780876,NA,NA,NA,NA,NA,NA,NA
KWT,Kuwait,Cntry/Terr,4270.563,239.65,2.666,181,0.484952944,1.087107624,1.566792007,365,0.376296989,0.843536122,1.215744997,3.451358845,73.85599473,76.09189235,74.9466765,-0.990051228,-0.626503447,-0.812710847
US16,Idaho,U.S.A.,1774.65463,8.280203569,8.16,181,0.810195773,0.585756646,0.844220767,365,1.159098771,0.838007098,1.2077763,9.712106261,75.84274138,80.12423175,77.93127327,-1.577634892,-1.253385982,-1.419464692
US34,New Jersey,U.S.A.,9008.043313,468.8075501,8.31,181,1.657039666,1.093636451,1.576201669,365,1.266534763,0.835905508,1.204747386,10.13754481,75.97564592,81.05250033,78.45216026,-1.656698562,-1.411881973,-1.537275836
LTU,Lithuania,Cntry/Terr,2722.291,43.436,13.564,181,2.165252544,1.143155286,1.647570605,365,1.580653942,0.834513699,1.202741444,16.13223241,69.41213052,80.07951792,74.61573413,-1.040432088,-1.337662116,-1.185422346
IT22,Trento (Provincia autonoma di),Italy,541.8657773,87.33443467,9.3,181,1.563046351,0.733294498,1.056859444,365,1.766120025,0.828565382,1.194168443,11.52821181,79.06380222,84.92595829,81.92339054,-1.975476983,-1.708305715,-1.845149535
LUX,Luxembourg,Cntry/Terr,625.976,241.69,7.137,181,1.040540837,0.759375429,1.094448542,365,1.131033778,0.825416197,1.189629685,8.433934753,78.65993391,83.03220823,80.79275065,-1.66878573,-1.422934141,-1.548858126
US37,North Carolina,U.S.A.,10501.12334,83.22349013,9.07,181,1.28202017,0.913031131,1.315904558,365,1.146924916,0.816818781,1.177238673,10.65720593,74.14406548,79.33987291,76.67860569,-1.409337156,-1.209379087,-1.311796634
US51,Virginia,U.S.A.,8614.990303,84.00098971,8.1,181,1.493413852,1.083426232,1.561486207,365,1.120024476,0.81254362,1.171077105,9.700629412,75.45798073,80.33997741,77.83944253,-1.526400796,-1.294329498,-1.413195285
US55,Wisconsin,U.S.A.,5882.865792,41.8196163,9.09,181,0.988599997,0.637754295,0.919162289,365,1.248031191,0.805115572,1.160371444,10.81032256,75.64488309,80.42504384,77.97666882,-1.480349886,-1.257639956,-1.371710896
IT03,Lombardia,Italy,10073.68575,422.2248067,9.9,181,1.732578668,0.808781159,1.165654464,365,1.700867033,0.793977922,1.144319325,12.16023312,78.81584584,84.55618946,81.61601346,-1.715085271,-1.555052562,-1.637020535
US24,Maryland,U.S.A.,6109.605046,241.3308835,8.25,181,1.269104831,0.913393502,1.316426826,365,1.072082393,0.771593542,1.112057875,9.699106626,74.91909128,80.49508568,77.63908855,-1.472193927,-1.307416222,-1.391814559
US10,Delaware,U.S.A.,979.2538599,193.4328612,9.54,181,1.581540135,0.99699551,1.436918077,365,1.210105008,0.762844542,1.099448394,11.24323618,74.51149785,80.16996035,77.27172346,-1.381593057,-1.216121341,-1.300875147
BEL,Belgium,Cntry/Terr,11589.616,382.748,9.794,181,0.981698946,0.555047685,0.799961528,365,1.330760225,0.75240519,1.084402696,11.27520431,78.02356381,82.7177821,80.31342639,-1.48137411,-1.278043846,-1.382188615
PRT,Portugal,Cntry/Terr,10196.707,111.33,10.591,181,2.014457092,0.991333457,1.428757652,365,1.521667731,0.748827134,1.079245829,12.77107413,77.79783161,83.64617719,80.65068311,-1.432259756,-1.311800424,-1.373499106
US27,Minnesota,U.S.A.,5677.123817,27.5312287,9.96,181,0.81627397,0.555319043,0.800352623,365,1.092806886,0.743447049,1.07149179,9.423761811,76.92668197,81.65843609,79.23485471,-1.50438901,-1.27519211,-1.392585644
GBR,United Kingdom,Cntry/Terr,67886.004,280.602,9.382,181,1.62690025,0.970486343,1.398711786,365,1.245838538,0.743173583,1.071097657,10.77080757,78.28646306,81.89407365,80.0462731,-1.503317127,-1.193643964,-1.352257047
IT16,Puglia,Italy,4034.220346,206.5868249,9.6,181,2.084446387,1.016669,1.465272461,365,1.511320522,0.737132283,1.062390645,11.71900873,78.66252809,84.20954467,81.36838983,-1.608693306,-1.381471063,-1.497853188
AZE,Azerbaijan,Cntry/Terr,10139.175,122.664,6.752,181,0.463810116,0.725757765,1.04599714,365,0.469466204,0.734608261,1.058752902,7.360459918,69.74180677,74.92082992,72.26815952,-0.792428563,-0.641684855,-0.718895047
US11,District of Columbia,U.S.A.,712.3303507,4477.249219,7.15,181,1.004988735,0.887088125,1.278514246,365,0.828267389,0.731098907,1.053695052,8.539983359,73.55929968,79.83130328,76.61881363,-1.340330352,-1.335393561,-1.337922161
US36,New York,U.S.A.,19779.54009,161.7168556,7.83,181,1.599941395,1.051009642,1.514765853,365,1.094262045,0.718826305,1.036007185,9.659084729,76.55370838,81.76611492,79.09634572,-1.497233322,-1.334103396,-1.417657748
IT01,Piemonte,Italy,4369.051871,172.3478019,12.3,181,1.741923125,0.715755242,1.031581021,365,1.74088114,0.715327091,1.030963949,14.54480359,78.27110369,84.06813983,81.0989262,-1.482337915,-1.303252085,-1.394978973
LVA,Latvia,Cntry/Terr,1886.202,30.325,14.598,181,2.002460075,1.087773484,1.567751677,365,1.313751125,0.713653998,1.028552606,16.43532333,69.51740249,79.05797784,74.17134169,-0.853061564,-1.029728717,-0.939240663
SRB,Serbia,Cntry/Terr,8737.37,99.901,13.172,181,1.099063926,0.761697236,1.097794841,365,1.027425873,0.712049071,1.026239508,14.25606361,72.65618304,78.0070066,75.26634087,-0.86764056,-0.714411233,-0.792894547
ES08,Castilla-La Mancha,Spain,2021.012251,25.43401481,9.54,181,1.920773155,0.921665032,1.328348154,365,1.476982635,0.708716302,1.021436161,11.97086408,79.85373612,85.02806649,82.37779971,-1.581336246,-1.384423017,-1.485281012
ITA,Italy,Cntry/Terr,60461.828,205.555,10.474,181,1.780475461,0.819240187,1.180728521,365,1.534439217,0.70603291,1.017568726,12.4556148,79.93491739,84.32308188,82.07548543,-1.534671748,-1.335169124,-1.437353395
US08,Colorado,U.S.A.,5762.204408,21.44812677,6.79,181,0.690832527,0.550783173,0.793815308,365,0.884730849,0.705373366,1.01661816,8.143414187,76.4350886,81.39488589,78.85450191,-1.426093354,-1.199284193,-1.315454739
IT15,Campania,Italy,5801.772904,424.5346976,9.2,181,1.608595741,0.931247241,1.342158497,365,1.213422193,0.702473618,1.012438902,10.9021236,76.98151052,83.03335297,79.93362879,-1.360233594,-1.184536748,-1.274527816
US31,Nebraska,U.S.A.,1952.140757,9.804175498,8.79,181,0.63013412,0.428848092,0.618076581,365,1.017856931,0.6927192,0.998380364,10.07423454,76.14376603,80.68559736,78.35929351,-1.321503808,-1.111019692,-1.218828629
US49,Utah,U.S.A.,3194.496883,15.01064012,5.81,181,0.693760411,0.699032425,1.007479289,365,0.687432194,0.692656118,0.998289448,6.908193958,76.24342387,80.41072575,78.27625406,-1.340963796,-1.026076692,-1.187360331
ALB,Albania,Cntry/Terr,2877.8,105.029,7.821,181,0.89343686,0.736398008,1.061332372,365,0.831885468,0.685665467,0.988214183,9.29346452,75.97758423,79.49679516,77.69427249,-1.121790411,-0.794096648,-0.961939795
TUR,Turkey,Cntry/Terr,84339.067,109.584,5.398,181,0.68876085,0.889031424,1.281315023,365,0.528296098,0.681908433,0.982799365,6.183268382,73.90472661,79.78226737,76.77181966,-1.018824442,-0.932049309,-0.976495109
RUS,Russian Federation,Cntry/Terr,145934.46,8.911,12.719,181,1.050789383,0.846231183,1.219629248,365,0.842898929,0.678810967,0.978335148,13.70188567,66.56328764,77.06453712,71.68584836,-0.647705225,-0.782554113,-0.71348517
US09,Connecticut,U.S.A.,3613.793665,287.9608645,8.73,181,1.272847057,0.78406481,1.130032069,365,1.094141051,0.673983171,0.971377095,10.38950398,76.41512985,81.77741104,79.03087677,-1.346324313,-1.181093932,-1.265724127
IT13,Abruzzo,Italy,1314.662443,121.4633779,11.2,181,1.9925498,0.860460666,1.240137467,365,1.557814336,0.672724949,0.969563684,13.30552973,78.48189517,84.49113199,81.4132302,-1.45029443,-1.29557063,-1.374819405
KGZ,Kyrgyzstan,Cntry/Terr,6524.191,34.016,6.065,181,0.19689154,0.44556771,0.642173702,365,0.295975394,0.669795557,0.965341703,6.156733915,67.01679531,75.08667678,70.95332285,-0.510903165,-0.606052567,-0.557317507
FRA,France,Cntry/Terr,65273.512,119.209,9.269,181,1.435685544,0.757117446,1.091194227,365,1.246815094,0.657515473,0.947643053,10.88327893,78.46540219,84.25523468,81.28971072,-1.411188102,-1.334789235,-1.373920362
ISR,Israel,Cntry/Terr,8655.541,399.979,5.334,181,0.723172302,0.669905765,0.96550054,365,0.705790661,0.653804398,0.942294473,6.179319546,79.99073941,83.44419007,81.67534949,-1.517373533,-1.163678045,-1.344839149
NPL,Nepal,Cntry/Terr,29136.808,203.256,6.39,181,0.499354138,1.035601931,1.492559516,365,0.31032912,0.643586209,0.927567525,6.681647874,68.8016578,71.98676226,70.35536729,-0.669206957,-0.478098699,-0.575983416
IT07,Liguria,Italy,1557.701965,192.215632,14.3,181,1.890091276,0.677855073,0.976957467,365,1.79302592,0.643043927,0.926785962,16.4720095,78.61614252,84.22713648,81.35321274,-1.355941498,-1.216069911,-1.287711456
ES10,Comunitat Valenciana,Spain,4976.319402,213.9892239,8.81,181,1.812207139,0.967873944,1.394946669,365,1.201892306,0.64191351,0.925156751,10.90408324,79.09048403,84.46012189,81.70981957,-1.34835794,-1.18585021,-1.269085877
AUT,Austria,Cntry/Terr,9006.4,109.289,9.873,181,1.002644896,0.569387409,0.820628631,365,1.109766388,0.630220141,0.908303703,11.08712629,78.13692544,82.93798284,80.47890466,-1.234979576,-1.037164417,-1.138484377
IT09,Toscana,Italy,3740.108828,295.7172038,11.6,181,1.720508627,0.701796619,1.011463179,365,1.540062139,0.628192376,0.905381189,13.57754286,79.63878626,84.87382809,82.1924652,-1.41403137,-1.236480675,-1.327421275
IT14,Molise,Italy,306.5562812,68.83074598,12.1,181,1.973446355,0.809071506,1.166072927,365,1.526636473,0.62588885,0.902061237,14.13112166,78.75538723,84.59590537,81.60442047,-1.338481724,-1.237502896,-1.289223759
ES07,Castilla y Leon,Spain,2401.521003,25.48735994,11.91,181,1.546740746,0.559850529,0.80688362,365,1.723491069,0.62382619,0.899088432,15.00178264,80.32521902,85.66645433,82.93069966,-1.460607735,-1.365177567,-1.414056434
ES09,Catalunia,Spain,7623.413639,237.3933808,8.41,181,1.590581799,0.834157497,1.202228068,365,1.189231023,0.623674918,0.898870411,10.5728745,79.67766836,85.32796746,82.43391182,-1.369634565,-1.276869324,-1.324383228
ES14,Murcia (Region de),Spain,1479.460206,130.7636738,7.65,181,1.174946975,0.743023034,1.070880679,365,0.986170493,0.623642945,0.898824329,9.234522121,79.25961262,84.50893232,81.82025637,-1.292525212,-1.135861432,-1.216103856
TTO,Trinidad and Tobago,Cntry/Terr,1399.491,272.805,8.316,181,1.017299616,1.072282761,1.545425699,365,0.58950004,0.621361416,0.89553608,9.383427407,70.13445922,75.65593974,72.82786435,-0.829761438,-0.679639501,-0.756531225
IT12,Lazio,Italy,5885.980142,341.7079017,9.7,181,1.562285276,0.757183541,1.091289486,365,1.272855127,0.616907147,0.889116373,11.58059788,78.84087566,84.41470274,81.5598157,-1.349107628,-1.188738451,-1.270878761
ES03,Asturias (Principado de),Spain,1024.060356,96.57302491,12.64,181,1.248469663,0.47803897,0.68897285,365,1.604397622,0.614323768,0.885393081,15.44984739,78.82466244,84.81610256,81.74731616,-1.266737447,-1.208026861,-1.238098137
ES01,Andalucia,Spain,8349.379562,95.31364013,8.33,181,1.187814464,0.706376791,1.018064344,365,1.031693425,0.613533774,0.884254504,10.36543204,78.39380992,83.85091372,81.05581178,-1.198199985,-1.057984463,-1.129802169
IT10,Umbria,Italy,884.4952379,104.6532522,11.4,181,1.812532987,0.723932224,1.043366082,365,1.513857783,0.604640269,0.871436755,13.58514528,80.02300656,85.00386768,82.45269491,-1.407707433,-1.223123315,-1.3176664
ES16,Pais Vasco,Spain,2202.965935,304.5294354,9.89,181,1.433501876,0.639439968,0.921591762,365,1.348636378,0.601584146,0.867032124,12.19629748,79.94216097,85.5332543,82.66952357,-1.325950284,-1.287748744,-1.307315386
ES13,Madrid (Comunidad de),Spain,6611.809049,823.5935536,7.06,181,1.101645155,0.613796303,0.884632875,365,1.060980429,0.591139409,0.851978664,8.928779288,81.06416091,86.285958,83.611379,-1.448455278,-1.350433203,-1.400639631
CHE,Switzerland,Cntry/Terr,8654.618,219.016,8.011,181,0.755404202,0.430518163,0.620483567,365,1.031125811,0.587656764,0.846959308,9.358952498,80.64932379,84.58768132,82.5704738,-1.358329054,-1.129159627,-1.24653909
ES17,"Rioja, La",Spain,315.7410548,62.58494644,10,181,1.226265367,0.551705577,0.795144721,365,1.304866737,0.587068897,0.846112045,12.25261248,80.02814127,85.63660546,82.76397746,-1.283516697,-1.254468924,-1.269347052
IT19,Sicilia,Italy,5005.164692,193.9039583,10.4,181,1.432305047,0.723941409,1.04337932,365,1.135826761,0.574090015,0.827406254,11.95917614,77.4833463,83.52143825,80.42875701,-1.164167933,-1.001385216,-1.084761729
ESP,Spain,Cntry/Terr,46754.783,93.735,9.017,181,1.293581129,0.661536092,0.953437764,365,1.122323678,0.573955204,0.827211957,10.82836699,79.66434933,85.19368091,82.36158425,-1.265427861,-1.167120282,-1.217472944
GRC,Greece,Cntry/Terr,10423.056,80.862,10.812,181,1.516437368,0.711697637,1.025733005,365,1.197729342,0.562120903,0.810155792,12.66451934,78.74625484,83.79228728,81.20773408,-1.241379555,-0.981148296,-1.114437477
ES11,Extremadura,Spain,1063.075772,25.53383704,10.56,181,1.403724206,0.642555848,0.926082519,365,1.211578736,0.55460111,0.799317903,12.84408729,79.03911882,84.84329587,81.8704247,-1.154315644,-1.054305551,-1.105530233
ZMB,Zambia,Cntry/Terr,18383.956,24.73,6.576,181,0.19196116,0.923711089,1.33129703,365,0.114991572,0.553335842,0.797494337,6.444388551,60.56707081,66.62075722,63.52008857,-0.390912759,-0.341454742,-0.366786897
IT11,Marche,Italy,1529.183236,162.6748442,11.2,181,1.931934446,0.790722966,1.139628125,365,1.337315209,0.547350792,0.788868395,13.21421397,79.90353959,85.2378618,82.50564799,-1.252729341,-1.099014977,-1.177746724
WWW,World,Global,7794798.729,59.917,7.546,181,0.548266847,0.675935779,0.974191288,365,0.440140807,0.542631605,0.782066874,8.179769491,69.6186866,74.5094984,72.00444845,-0.741234105,-0.648018086,-0.695762876
COM,Comoros,Cntry/Terr,869.595,467.273,7.272,181,0.315381463,1.068261314,1.539629795,365,0.159844525,0.541425995,0.780329291,7.275740722,62.31370489,66.00066196,64.11222053,-0.439426899,-0.316936385,-0.379675429
MLT,Malta,Cntry/Terr,441.539,1379.809,8.24,181,0.917997032,0.533535489,0.768957112,365,0.930835102,0.540996913,0.779710878,9.780917506,79.71716639,83.41315114,81.52008578,-1.156690177,-0.954811984,-1.058213009
IRL,Ireland,Cntry/Terr,4937.796,71.677,6.049,181,1.123904928,0.910396011,1.312106698,365,0.658795949,0.533644073,0.76911361,7.063570646,79.67735774,83.10108602,81.3474691,-1.145127155,-0.905912834,-1.028437243
CUW,Curacao,Cntry/Terr,164.1,369.595,8.766,181,1.37633366,0.943029668,1.3591399,365,0.761730652,0.521918939,0.75221478,10.08548923,74.97496094,80.88893209,77.85982491,-0.968606895,-0.859017373,-0.915148592
SWE,Sweden,Cntry/Terr,10099.27,24.612,9.185,181,1.177884489,0.663095284,0.955684947,365,0.920165517,0.518011249,0.746582828,10.12178981,80.09123508,83.75326545,81.87759136,-1.122398302,-0.919833184,-1.02358605
EST,Estonia,Cntry/Terr,1326.539,31.294,11.619,181,1.580984478,0.901351364,1.299071115,365,0.904609665,0.515736344,0.743304126,13.12713566,73.69663831,81.97463617,77.73468605,-0.774228023,-0.802159752,-0.787853256
QAT,Qatar,Cntry/Terr,2881.06,248.153,1.191,181,0.240080069,0.733703334,1.057448678,365,0.164869874,0.503855139,0.726180359,1.535915858,78.25616597,81.21780707,79.70086894,-1.071452953,-0.921106959,-0.998113444
ES15,Navarra (C. Foral de),Spain,651.0194661,62.65224387,8.51,181,0.693854379,0.341863364,0.49270999,365,1.007650361,0.496471238,0.715538324,10.59442307,80.74051767,86.20920052,83.40816784,-1.134196035,-1.087383469,-1.111360637
ARE,United Arab Emirates,Cntry/Terr,9890.4,118.306,1.453,181,0.232029228,0.760485311,1.096048156,365,0.150853353,0.49442805,0.712593583,1.851036523,76.58723387,78.8582761,77.69505935,-0.834565188,-0.582927104,-0.711814903
DEU,Germany,Cntry/Terr,83783.945,240.372,11.158,181,1.374132911,0.680154998,0.980272229,365,0.9774307,0.48379918,0.697274742,12.6060404,78.16369274,83.01998046,80.53261358,-0.971891484,-0.82488727,-0.900182111
IND,India,Cntry/Terr,1380004.385,464.149,7.237,181,0.364905318,0.637321383,0.918538356,365,0.27612521,0.482263458,0.695061385,7.716014069,68.08982691,70.78147931,69.40282808,-0.54216409,-0.377953171,-0.462061203
ATG,Antigua and Barbuda,Cntry/Terr,97.928,222.564,6.344,181,0.76191957,0.91631496,1.320637372,365,0.398251777,0.478953521,0.690290945,6.999524883,75.16417451,77.73595464,76.4187014,-0.80029495,-0.508213229,-0.657816062
MX07,Chiapas,Mexico,5412.678969,73.8003337,4.528434843,181,0.173242712,0.299862478,0.432176284,365,0.271030299,0.469121132,0.676120031,5.794197639,70.88453998,76.45417224,73.60143376,-0.731717022,-0.593575762,-0.664331042
US02,Alaska,U.S.A.,745.4689664,0.504626932,5.96,181,0.454458261,0.437663968,0.630782446,365,0.482917487,0.465071496,0.6702835,7.220419804,75.35963859,80.41916809,77.82770176,-0.900739625,-0.862260727,-0.881969431
PRI,Puerto Rico,Cntry/Terr,2860.84,322.53,9.346,181,0.737313872,0.405740484,0.58477278,365,0.837516254,0.460881401,0.664244533,11.18993923,75.8133582,82.72858642,79.18664026,-0.923364492,-0.885821557,-0.905050865
SLV,El Salvador,Cntry/Terr,6486.201,313.041,7.024,181,0.326136477,0.43312789,0.624244833,365,0.339489942,0.450862056,0.649804169,7.536406489,68.07437283,77.43336374,72.63973425,-0.609844723,-0.570696197,-0.590747881
US33,New Hampshire,U.S.A.,1372.566998,59.08418595,9.31,181,0.899150022,0.548623879,0.790703229,365,0.728561885,0.444538106,0.640689786,10.76926203,75.49960437,81.19955071,78.280066,-0.828653253,-0.736793287,-0.783843514
US53,Washington,U.S.A.,7627.572498,44.23181191,7.7,181,0.650109443,0.478989834,0.690343281,365,0.601501985,0.443176667,0.638727616,8.545299413,77.03332067,81.70011805,79.3098072,-0.89566198,-0.763109441,-0.831002205
IT17,Basilicata,Italy,564.2859478,56.07689301,11.1,181,1.193607451,0.530121052,0.764036062,365,0.997721106,0.443121365,0.638647911,12.64029984,77.80395503,84.69754093,81.16667986,-0.949761036,-0.861505536,-0.906709572
PHL,Philippines,Cntry/Terr,109581.085,367.512,5.831,181,0.281798694,0.582677787,0.839783365,365,0.212545806,0.439482944,0.633404043,6.26277457,66.9352434,75.11382786,70.92479679,-0.442716751,-0.499881133,-0.470601815
ZWE,Zimbabwe,Cntry/Terr,14862.927,38.42,8.074,181,0.189678067,0.705432024,1.0167027,365,0.118011748,0.438897694,0.632560553,7.928298248,59.48731085,62.71445187,61.06152599,-0.28067956,-0.220588632,-0.251366912
JAM,Jamaica,Cntry/Terr,2961.161,273.422,7.562,181,0.51960917,0.620327559,0.894046036,365,0.356279176,0.425338512,0.613018405,7.983829543,72.31664743,75.85491851,74.04263332,-0.648554633,-0.412235641,-0.533277076
AFG,Afghanistan,Cntry/Terr,38928.341,59.627,6.517,181,0.134841185,0.548967667,0.791198714,365,0.103985937,0.423349267,0.610151409,6.358909025,63.29557075,66.4390498,64.82897516,-0.355346423,-0.251292465,-0.304588395
SAU,Saudi Arabia,Cntry/Terr,34813.867,16.195,3.47,181,0.091578578,0.213937004,0.308336342,365,0.176797366,0.413016885,0.595259881,3.865204753,73.55084984,76.54272113,75.01029925,-0.537468257,-0.390544786,-0.465798271
NLD,Netherlands,Cntry/Terr,17134.873,508.152,8.715,181,0.765327209,0.447743121,0.645309009,365,0.694256678,0.406164381,0.58538372,9.856546495,79.89044604,83.37290452,81.58920628,-0.870992795,-0.687657548,-0.781560967
DOM,Dominican Republic,Cntry/Terr,10847.904,224.501,6.127,181,0.260439343,0.367490022,0.529644368,365,0.282819612,0.39906945,0.575158164,6.637091213,70.4601822,76.87593348,73.58981697,-0.686639467,-0.630447726,-0.659228862
US41,Oregon,U.S.A.,4244.225318,17.0693214,8.84,181,0.614347907,0.404444588,0.582905071,365,0.603879344,0.397552803,0.572972298,9.852407573,76.49735206,81.20564785,78.79408171,-0.774302241,-0.653493075,-0.715370941
MAR,Morocco,Cntry/Terr,36910.558,82.703,5.059,181,0.104023299,0.161591439,0.232893385,365,0.245566594,0.381467032,0.549788709,5.44412604,75.0839093,77.71771736,76.36869372,-0.531556848,-0.376348703,-0.455845558
IT20,Sardegna,Italy,1643.577444,68.23987434,9.9,181,0.912845024,0.413043967,0.595298913,365,0.826246433,0.373859851,0.538824872,11.43503235,79.24853878,85.27468436,82.18812199,-0.866374899,-0.786575944,-0.827448579
STP,Sao Tome and Principe,Cntry/Terr,219.161,228.293,4.869,181,0.184026774,0.626817356,0.903399445,365,0.109508535,0.37299926,0.537584547,4.789804007,67.73333816,72.67820069,70.14546622,-0.366852279,-0.294981043,-0.33179314
GLP,Guadeloupe,Cntry/Terr,400.127,245.778,8.189,181,0.564461667,0.325031404,0.468450956,365,0.632299245,0.364094009,0.524749869,9.44197702,77.80503133,84.74036381,81.18812035,-0.83437229,-0.845858299,-0.839975221
IDN,Indonesia,Cntry/Terr,273523.621,150.987,6.447,181,0.264572381,0.470597293,0.678247546,365,0.201620613,0.358624412,0.516866822,6.879893,69.31515045,73.82116996,71.51320875,-0.386348125,-0.31116285,-0.349672381
ES04,Balears (Illes),Spain,1137.723314,227.9093177,6.7,181,0.66467432,0.430850742,0.620962897,365,0.544947961,0.353242523,0.509110183,8.031213226,80.43789864,85.4469084,82.88131804,-0.797544913,-0.71184785,-0.755741468
GMB,Gambia,Cntry/Terr,2416.664,238.801,7.994,181,0.047563398,0.202816454,0.292308869,365,0.074069047,0.315839957,0.455203799,7.651451466,60.7531859,63.67726282,62.17956488,-0.225041679,-0.152762083,-0.189783339
US23,Maine,U.S.A.,1355.887065,16.96150026,10.99,181,0.759996639,0.415927051,0.599454152,365,0.555355987,0.303932368,0.438042006,12.33087441,75.50374051,80.67047217,78.02409742,-0.555834676,-0.465008383,-0.511529167
CAN,Canada,Cntry/Terr,37742.157,4.15,7.712,181,0.567109152,0.357332923,0.515005465,365,0.466216067,0.293760644,0.423382027,8.506367803,79.98241854,83.91830928,81.90236524,-0.663946843,-0.571598311,-0.618898778
EGY,Egypt,Cntry/Terr,102334.403,102.802,5.833,181,0.167833742,0.365319807,0.526516548,365,0.12894002,0.280660747,0.404501823,5.903277272,69.58513335,74.27838961,71.87452665,-0.286982044,-0.232010816,-0.260166811
IT18,Calabria,Italy,1949.986623,128.1470989,10.1,181,0.777679226,0.376418095,0.542511937,365,0.577952683,0.279744965,0.403181953,11.33431381,78.49981242,84.68318606,81.51609224,-0.616100391,-0.533690264,-0.575900329
ES06,Cantabria,Spain,579.7329059,108.9518711,10.33,181,0.615686462,0.275538305,0.397119112,365,0.610626025,0.273273607,0.393855119,11.80939722,80.19358932,86.1889894,83.11817472,-0.595926536,-0.604635066,-0.600174599
KAZ,Kazakhstan,Cntry/Terr,18776.707,6.955,7.129,181,0.082266615,0.123463532,0.177941605,365,0.177826708,0.266877559,0.384636827,7.456945659,68.91252873,77.36824537,73.03726855,-0.272655501,-0.29078079,-0.281497105
GNQ,Equatorial Guinea,Cntry/Terr,1402.985,50.017,9.434,181,0.050307103,0.209494194,0.30193315,365,0.063436174,0.264167669,0.380731202,8.957013046,57.83420944,60.12422423,58.95128982,-0.175808365,-0.114704516,-0.146001609
KEN,Kenya,Cntry/Terr,53771.3,94.478,5.518,181,0.073167973,0.298291155,0.429911618,365,0.064588358,0.263313788,0.379500547,5.532828322,64.19824171,69.00141677,66.54125394,-0.227856564,-0.18008123,-0.204551523
MWI,Malawi,Cntry/Terr,19129.955,202.906,6.772,181,0.10594157,0.446328942,0.643270826,365,0.061683365,0.259870335,0.374537676,6.46061889,61.1692224,67.49371099,64.25433878,-0.184990431,-0.160722585,-0.173152457
ES12,Galicia,Spain,2697.559136,91.21079075,11.57,181,0.780447716,0.302863159,0.436501012,365,0.668752716,0.259518423,0.374030484,13.68398182,80.00611469,85.92814158,82.89490829,-0.586179426,-0.55550294,-0.571215287
MRT,Mauritania,Cntry/Terr,4649.66,4.511,7.268,181,0.060718513,0.204247747,0.294371717,365,0.076994877,0.258998934,0.373281771,7.15600195,63.21349412,66.54752698,64.83985161,-0.224402223,-0.158774255,-0.19238858
MYS,Malaysia,Cntry/Terr,32365.998,98.512,5.054,181,0.288909872,0.458148771,0.660306135,365,0.154081453,0.244339966,0.352154559,5.550776117,73.94167998,78.1665825,76.00260804,-0.40949837,-0.271807764,-0.342332221
CYP,Cyprus,Cntry/Terr,1207.361,130.667,6.991,181,0.4259095,0.348206999,0.501852742,365,0.294029706,0.240387222,0.346457673,7.720874903,78.65405927,82.77072194,80.6621874,-0.435976257,-0.372494787,-0.405009686
SYR,Syrian Arab Republic,Cntry/Terr,17500.657,95.304,5.522,181,0.133895526,0.296455772,0.427266375,365,0.106510287,0.235822588,0.339878902,5.134207548,69.06945034,78.12491462,73.48674999,-0.27331466,-0.253350772,-0.263576178
REU,Reunion,Cntry/Terr,895.308,358.123,6.21,181,0.439214264,0.39126757,0.563913718,365,0.262479504,0.233826008,0.337001335,6.648356012,77.11982069,83.34228414,80.15516871,-0.510207806,-0.46865381,-0.489937564
DJI,Djibouti,Cntry/Terr,988.002,42.623,7.078,181,0.191859947,0.437953758,0.631200106,365,0.102226514,0.233349829,0.336315043,7.215466098,64.96776648,69.27254934,67.06766055,-0.237252126,-0.171879841,-0.205363206
SEN,Senegal,Cntry/Terr,16743.93,86.968,5.806,181,0.091049735,0.335508878,0.483551598,365,0.062948185,0.231957566,0.334308446,5.610901517,65.7676583,69.99981833,67.83212661,-0.205709444,-0.14864089,-0.177871125
BLR,Belarus,Cntry/Terr,9449.321,46.569,12.554,181,0.364503375,0.281081723,0.405108553,365,0.289967925,0.223604744,0.322269956,12.95450248,69.50031372,79.34863266,74.30437174,-0.223030608,-0.267187812,-0.244570708
US15,Hawaii,U.S.A.,1439.609391,86.53318852,7.98,181,0.319377609,0.185675721,0.267604816,365,0.345927168,0.201110768,0.289850551,8.765795163,78.50298451,84.80151623,81.57543901,-0.512516322,-0.523412594,-0.517831577
PAK,Pakistan,Cntry/Terr,220892.331,286.546,6.983,181,0.110509203,0.272904475,0.393323109,365,0.080971575,0.19996077,0.288193118,7.017610919,66.21994887,68.31251226,67.2407115,-0.216434741,-0.132284203,-0.175385698
DNK,Denmark,Cntry/Terr,5792.203,136.512,9.717,181,0.430665631,0.256592362,0.369813304,365,0.333206554,0.198525841,0.28612503,10.29988613,78.71702587,82.63493987,80.62820343,-0.389974052,-0.330757014,-0.361087692
ES05,Canarias,Spain,2136.112961,286.8420788,7.05,181,0.354014738,0.230021741,0.331518442,365,0.293991943,0.191021817,0.275309868,8.258566425,79.68065884,84.82297893,82.18910767,-0.418621256,-0.369978127,-0.3948929
US50,Vermont,U.S.A.,634.3248119,26.47896592,9.63,181,0.381490596,0.228042295,0.328665568,365,0.31529588,0.188473312,0.27163684,10.46332165,76.47749681,81.56278233,78.95812389,-0.363742532,-0.309050734,-0.337063606
SOM,Somalia,Cntry/Terr,15893.219,25.334,10.935,181,0.081839343,0.321294284,0.463064838,365,0.043100142,0.169207483,0.243869996,10.59443756,55.82808806,59.2950936,57.51931028,-0.121223918,-0.084750087,-0.103431805
LKA,Sri Lanka,Cntry/Terr,21413.25,341.465,6.616,181,0.266136144,0.302510264,0.435992402,365,0.140987473,0.160256916,0.230970007,7.142411999,73.54352881,80.19469044,76.7879979,-0.234487857,-0.200705637,-0.218008725
GAB,Gabon,Cntry/Terr,2225.728,8.638,6.909,181,0.086072775,0.258305394,0.372282209,365,0.05256707,0.157754386,0.22736324,6.808079301,64.33068171,68.63472726,66.43021613,-0.135800336,-0.100868992,-0.118760656
CMR,Cameroon,Cntry/Terr,26545.864,56.157,9.355,181,0.066545935,0.266521999,0.384124376,365,0.038085029,0.152533706,0.219838943,8.992458832,58.15332635,60.76393051,59.42679179,-0.10068582,-0.066828593,-0.0841701
VEN,Venezuela (Bolivarian Republic of),Cntry/Terr,28435.943,32.238,6.953,181,0.14580411,0.206478115,0.297586231,365,0.106660785,0.151045933,0.217694694,7.400994047,68.29980981,75.97588632,72.04423737,-0.191963866,-0.189294491,-0.190661732
SDN,Sudan,Cntry/Terr,43849.269,24.843,7.243,181,0.059141577,0.178976511,0.257949591,365,0.049761377,0.15058979,0.217037277,7.16591771,63.50689059,67.30862544,65.36139539,-0.149378995,-0.104810265,-0.127638151
VIR,United States Virgin Islands,Cntry/Terr,104.423,298.351,8.469,181,0.135181158,0.087523384,0.126142928,365,0.229834423,0.148806881,0.214467663,9.544845232,77.87792463,82.95214428,80.35315373,-0.26434913,-0.257066015,-0.260796391
BGD,Bangladesh,Cntry/Terr,164689.383,1265.187,5.548,181,0.08361916,0.15668478,0.225821672,365,0.076149414,0.142688042,0.205648897,5.706917824,70.9425386,74.67997131,72.76567651,-0.189734131,-0.162696865,-0.17654522
CHI,Channel Islands,Cntry/Terr,173.859,915.047,7.808,181,0.32476943,0.199430802,0.287429303,365,0.224319707,0.137747753,0.198528713,8.295151462,81.01479032,84.74263021,82.8332488,-0.315685396,-0.279504422,-0.29803614
YEM,Yemen,Cntry/Terr,29825.968,56.492,6.006,181,0.05077614,0.189260988,0.272772077,365,0.035170694,0.131093864,0.188938808,6.015677086,64.42861801,67.86194741,66.10341284,-0.11329507,-0.082929445,-0.09848257
AGO,Angola,Cntry/Terr,32866.268,26.363,8.332,181,0.030003558,0.137471077,0.198129955,365,0.026805599,0.122818587,0.177012078,7.887449193,58.55666761,64.19096041,61.30510312,-0.080941954,-0.066735,-0.074011733
ETH,Ethiopia,Cntry/Terr,114963.583,114.964,6.662,181,0.042045743,0.133824821,0.192874795,365,0.036681181,0.116750285,0.168266149,6.415123736,64.84585371,68.74378502,66.74728362,-0.119950433,-0.085907375,-0.103344063
MMR,Myanmar,Cntry/Terr,54409.794,83.286,8.19,181,0.023646011,0.045046592,0.064923324,365,0.060908152,0.116032453,0.167231575,8.483882746,64.0593816,70.1943685,67.05205814,-0.097610311,-0.079615671,-0.088832438
RWA,Rwanda,Cntry/Terr,12952.209,525.019,5.317,181,0.052780092,0.181203805,0.261159675,365,0.033121763,0.113713131,0.163888856,5.278509912,66.89274712,71.24400318,69.01531105,-0.112753982,-0.086086308,-0.09974536
MTQ,Martinique,Cntry/Terr,375.265,354.024,9.066,181,0.300929148,0.152459055,0.219731352,365,0.223841818,0.113404475,0.163444006,10.03079572,79.10871312,85.47247975,82.21298953,-0.257941044,-0.26248221,-0.260156247
MOZ,Mozambique,Cntry/Terr,31255.435,39.746,8.622,181,0.045550531,0.18576649,0.267735636,365,0.027707181,0.112996834,0.162856494,8.183767382,57.94812107,63.82733992,60.8160327,-0.069947259,-0.060400367,-0.065290239
MDG,Madagascar,Cntry/Terr,27691.019,47.596,6.129,181,0.04733569,0.161349217,0.232544284,365,0.032176497,0.109677343,0.158072283,5.948327653,65.59403525,68.92326878,67.21805161,-0.107938575,-0.075310757,-0.092022566
DZA,Algeria,Cntry/Terr,43851.043,18.411,4.719,181,0.043779552,0.070960441,0.102271614,365,0.063761311,0.103348038,0.148950183,4.926461698,75.6505429,78.17187486,76.88046093,-0.191632067,-0.127289172,-0.160245289
GNB,Guinea-Bissau,Cntry/Terr,1967.998,69.986,9.718,181,0.024592398,0.100177271,0.144380321,365,0.022865877,0.093144278,0.134244031,9.37990737,56.49391043,60.47441068,58.43561787,-0.053927914,-0.039541521,-0.046910161
BRB,Barbados,Cntry/Terr,287.371,668.305,8.98,181,0.280692845,0.183968817,0.265144744,365,0.13919289,0.091228372,0.131482736,9.348855488,77.7622078,80.44866182,79.07267317,-0.216333598,-0.150016681,-0.183983882
MLI,Mali,Cntry/Terr,20250.834,16.596,9.821,181,0.025492436,0.114356948,0.164816757,365,0.020196699,0.090600712,0.130578121,9.242968115,58.7470926,60.37799044,59.54265252,-0.066489863,-0.039482087,-0.053315338
COG,Congo,Cntry/Terr,5518.092,16.158,6.754,181,0.020830525,0.078110188,0.112576175,365,0.023196424,0.086981823,0.125362404,6.68763931,63.1136705,66.1025372,64.57165426,-0.068862917,-0.047828695,-0.058602321
CUB,Cuba,Cntry/Terr,11326.616,106.413,8.913,181,0.20011536,0.140574499,0.202602756,365,0.104532545,0.073430696,0.105831865,9.584535994,76.84102049,80.78061677,78.76277477,-0.140255373,-0.114333345,-0.127610481
GHA,Ghana,Cntry/Terr,31072.945,136.56,7.349,181,0.029853119,0.098511132,0.141979001,365,0.021980536,0.072532708,0.104537642,7.24324654,63.1310979,65.37827845,64.22728353,-0.057435841,-0.03766046,-0.047789314
NOR,Norway,Cntry/Terr,5421.242,14.842,7.998,181,0.132423631,0.086877529,0.12521209,365,0.09997709,0.065590729,0.094532527,8.111470392,80.4889913,84.36642386,82.38042181,-0.143696219,-0.121323551,-0.132782723
FIN,Finland,Cntry/Terr,5540.718,18.233,9.728,181,0.148493829,0.079537322,0.11463303,365,0.115688977,0.061966154,0.089308614,10.20182574,79.14482114,84.71592416,81.86243237,-0.130003431,-0.117394528,-0.123852747
LBR,Liberia,Cntry/Terr,5057.677,52.509,7.599,181,0.017543485,0.058276585,0.083991029,365,0.01799245,0.059767972,0.086140488,7.409406666,62.82097367,65.68513772,64.21812687,-0.051661703,-0.034288482,-0.043186961
HTI,Haiti,Cntry/Terr,11402.533,413.735,8.568,181,0.031656725,0.068939993,0.099359647,365,0.027186942,0.059205985,0.085330524,8.495884263,62.00265973,66.38757132,64.14164099,-0.061462325,-0.048812931,-0.055291889
TGO,Togo,Cntry/Terr,8278.737,152.211,8.559,181,0.014858673,0.056063322,0.080801168,365,0.013891008,0.052412219,0.075539021,8.27638087,60.36790035,62.18881649,61.25615213,-0.037435873,-0.023690559,-0.030730842
UZB,Uzbekistan,Cntry/Terr,33469.199,78.677,5.772,181,0.007169947,0.015426741,0.022233764,365,0.0211239,0.045449838,0.065504502,5.903312897,69.55763449,73.90642352,71.67899499,-0.046837559,-0.037036036,-0.042056329
CAF,Central African Republic,Cntry/Terr,4829.764,7.753,12.388,181,0.014613573,0.058962387,0.084979439,365,0.010559522,0.042605228,0.061404712,11.82252878,51.30041013,55.69760678,53.4453841,-0.020029731,-0.015936824,-0.018033191
GIN,Guinea,Cntry/Terr,13132.792,53.446,8.539,181,0.01351263,0.055001358,0.079270613,365,0.010355757,0.042151726,0.060751103,8.163950296,61.02267161,62.36500576,61.67746875,-0.031267752,-0.019500807,-0.025527779
JPN,Japan,Cntry/Terr,126476.458,346.934,10.427,181,0.181716826,0.070152136,0.101106647,365,0.108454966,0.041869252,0.060343988,11.70420456,81.49077621,87.66835855,84.50423101,-0.103354047,-0.109890388,-0.106542506
ISL,Iceland,Cntry/Terr,341.25,3.404,6.699,181,0,0,0,365,0.055677656,0.04016599,0.057889164,7.04395588,81.58806494,84.52788803,83.02212499,-0.09426686,-0.073713367,-0.084240766
CIV,Cote d'Ivoire,Cntry/Terr,26378.275,82.951,10.155,181,0.013454903,0.050585303,0.072905982,365,0.009287946,0.034919135,0.050327144,9.825388148,56.75875282,59.33119332,58.01360185,-0.02116979,-0.013944226,-0.017645124
COD,Democratic Republic of the Congo,Cntry/Terr,89561.404,39.506,9.58,181,0.007497865,0.027692192,0.039911325,365,0.008418805,0.031093539,0.044813511,9.168128926,59.32312203,62.4503165,60.84858274,-0.026127146,-0.018029036,-0.022176848
NIC,Nicaragua,Cntry/Terr,6624.554,55.049,5.061,181,0.007914637,0.014833863,0.02137928,365,0.016302984,0.030555569,0.044038162,5.207362318,71.12571839,78.10706147,74.5312516,-0.04572763,-0.043187453,-0.04448852
NGA,Nigeria,Cntry/Terr,206139.587,226.336,11.965,181,0.008129314,0.032728158,0.047169402,365,0.007422155,0.029881176,0.043066194,11.47423183,54.02583624,55.89859194,54.9393756,-0.016334105,-0.010127242,-0.013306367
TCD,Chad,Cntry/Terr,16425.859,13.045,12.241,181,0.00859378,0.037754968,0.054414284,365,0.006087962,0.026746181,0.038547888,11.7277147,53.04890954,55.91054344,54.44482852,-0.016880942,-0.011628955,-0.014318997
BFA,Burkina Faso,Cntry/Terr,20903.278,76.401,8.274,181,0.00800715,0.036010757,0.051900443,365,0.005501529,0.024742166,0.035659604,7.779930247,61.05646909,62.66398689,61.84062411,-0.018466859,-0.011680685,-0.01515653
KOR,Republic of Korea,Cntry/Terr,51269.183,527.298,5.918,181,0.043305715,0.031417586,0.045280542,365,0.033860497,0.024565235,0.035404603,6.756163571,79.98721899,86.00322005,82.92185365,-0.052072452,-0.050703345,-0.051404595
THA,Thailand,Cntry/Terr,69799.978,136.624,7.608,181,0.055094684,0.048437471,0.069810422,365,0.027392559,0.024082655,0.034709085,8.198392035,73.5912516,80.93830117,77.17517822,-0.042009725,-0.040113557,-0.041084765
SSD,South Sudan,Cntry/Terr,11193.729,18.322,10.561,181,0.009728217,0.032117207,0.04628887,365,0.007057523,0.023300048,0.033581155,10.24382482,56.55425484,59.60639281,58.04310263,-0.017012789,-0.011832788,-0.014485959
BEN,Benin,Cntry/Terr,12123.198,107.513,8.959,181,0.009980409,0.033627228,0.048465186,365,0.006846378,0.023067665,0.033246232,8.603230376,60.46620756,63.61630209,62.00283904,-0.020212338,-0.013930931,-0.017148237
NER,Niger,Cntry/Terr,24206.636,19.11,8.407,181,0.007414295,0.032756615,0.047210415,365,0.005205184,0.022996686,0.033143935,7.899302592,61.52287444,63.90820623,62.68645092,-0.01823447,-0.011925859,-0.015157099
AUS,Australia,Cntry/Terr,25499.881,3.319,6.598,181,7.91E-05,5.45E-05,7.86E-05,365,0.031607991,0.021800625,0.031420114,6.898876939,81.58689474,85.46299197,83.47767388,-0.054093458,-0.045245182,-0.049777226
TWN,"China, Taiwan Province of China",Cntry/Terr,23816.775,672.6,7.502,181,0.05385034,0.038432911,0.055391367,365,0.026703867,0.019058512,0.027468048,8.119397441,77.94019917,83.29048136,80.55009292,-0.0413752,-0.034869718,-0.038201794
SLE,Sierra Leone,Cntry/Terr,7976.985,110.515,11.913,181,0.00556158,0.020573392,0.029651366,365,0.004763705,0.017621891,0.025397521,11.39202368,54.10565744,55.79612538,54.93027595,-0.009709459,-0.006951904,-0.00836431
HKG,"China, Hong Kong SAR",Cntry/Terr,7496.988,7139.989,6.605,181,0.016946032,0.010049689,0.014484097,365,0.027210928,0.016137191,0.0232577,7.274858416,82.02073102,87.80293033,84.84131605,-0.042058834,-0.044154866,-0.043081289
TJK,Tajikistan,Cntry/Terr,9537.642,68.145,4.897,181,0,0,0,365,0.003984213,0.012170772,0.017541104,4.734005535,69.05445902,73.56452966,71.25449348,-0.011938389,-0.009072123,-0.010540211
MUS,Mauritius,Cntry/Terr,1271.767,626.486,8.299,181,0.012685183,0.012553817,0.018093167,365,0.00629046,0.006225317,0.008972228,8.87658785,71.7979298,78.56928017,75.10102754,-0.008511931,-0.008557693,-0.008534254
BDI,Burundi,Cntry/Terr,11890.781,463.037,8.042,181,0.001017549,0.004542254,0.006546516,365,0.000588691,0.00262787,0.003787413,7.663810406,60.02328778,63.66990926,61.80212753,-0.002085519,-0.001497106,-0.001798488
SGP,Singapore,Cntry/Terr,5850.343,8357.633,4.448,181,0.002412854,0.002125601,0.00306352,365,0.001709301,0.001505808,0.002170243,5.087453664,81.64478704,85.83041234,83.68655548,-0.003748828,-0.00331235,-0.003535912
NZL,New Zealand,Cntry/Terr,4822.233,18.314,6.984,181,0.000418183,0.000295451,0.000425819,365,0.000829491,0.000586046,0.000844638,7.256603495,80.73839032,84.07974953,82.36832165,-0.001368607,-0.001091847,-0.001233602
CHN,China,Cntry/Terr,1439323.774,153.312,7.121,181,9.11E-05,9.41E-05,0.000135599,365,0.000143123,0.000147862,0.000213106,7.666167796,74.90937122,79.34661553,77.07388064,-0.000210843,-0.000184016,-0.000197757
CN07,Jilin,China,27592.34522,147.2377013,6.26,181,7.31E-05,7.55E-05,0.000108821,365,3.62E-05,3.74E-05,5.40E-05,NA,NA,NA,NA,NA,NA,NA
CN03,Hebei,China,77845.07058,414.7313297,6.38,181,2.59E-05,2.68E-05,3.86E-05,365,1.28E-05,1.33E-05,1.91E-05,NA,NA,NA,NA,NA,NA,NA
BRN,Brunei Darussalam,Cntry/Terr,437.483,83.014,4.403,181,0,0,0,365,0,0,0,4.755277344,74.84917096,77.25443792,76.02247192,-1.42E-14,1.42E-14,-3.47E-16
CN01,Beijing,China,22086.18046,1314.653599,5.58,181,0,0,0,365,0,0,0,NA,NA,NA,NA,NA,NA,NA
CN02,Tianjin,China,16016.06958,1416.724421,5.42,181,0,0,0,365,0,0,0,NA,NA,NA,NA,NA,NA,NA
CN05,Inner Mongolia,China,26044.05681,22.01526357,5.95,181,0,0,0,365,0,0,0,NA,NA,NA,NA,NA,NA,NA
CN06,Liaoning,China,44623.5178,305.8500192,7.39,181,0,0,0,365,0,0,0,NA,NA,NA,NA,NA,NA,NA
CN08,Heilongjiang,China,38461.12483,84.71613399,6.67,181,0,0,0,365,0,0,0,NA,NA,NA,NA,NA,NA,NA
CN09,Shanghai,China,24895.65745,3926.140585,5.4,181,0,0,0,365,0,0,0,NA,NA,NA,NA,NA,NA,NA
CN11,Zhejiang,China,59983.35918,588.0721488,5.58,181,0,0,0,365,0,0,0,NA,NA,NA,NA,NA,NA,NA
CN12,Anhui,China,65274.19906,467.2455194,5.96,181,0,0,0,365,0,0,0,NA,NA,NA,NA,NA,NA,NA
CN13,Fujian,China,40737.41641,335.0667578,6.2,181,0,0,0,365,0,0,0,NA,NA,NA,NA,NA,NA,NA
CN14,Jiangxi,China,47843.13742,286.4858528,6.06,181,0,0,0,365,0,0,0,NA,NA,NA,NA,NA,NA,NA
CN15,Shandong,China,103253.4063,671.3485456,7.18,181,0,0,0,365,0,0,0,NA,NA,NA,NA,NA,NA,NA
CN16,Henan,China,98844.37307,591.8824735,6.8,181,0,0,0,365,0,0,0,NA,NA,NA,NA,NA,NA,NA
CN17,Hubei,China,60772.88373,326.911693,7,181,0,0,0,365,0,0,0,NA,NA,NA,NA,NA,NA,NA
CN18,Hunan,China,70934.16732,337.7817491,7.08,181,0,0,0,365,0,0,0,NA,NA,NA,NA,NA,NA,NA
CN19,Guangdong,China,118131.3301,656.2851672,4.55,181,0,0,0,365,0,0,0,NA,NA,NA,NA,NA,NA,NA
CN20,Guangxi,China,50857.68573,215.4986683,5.96,181,0,0,0,365,0,0,0,NA,NA,NA,NA,NA,NA,NA
CN21,Hainan,China,9689.61956,284.9888106,6.01,181,0,0,0,365,0,0,0,NA,NA,NA,NA,NA,NA,NA
CN22,Chongqing,China,32032.13916,389.2118974,7.54,181,0,0,0,365,0,0,0,NA,NA,NA,NA,NA,NA,NA
CN23,Sichuan,China,85873.6125,177.0589948,7.01,181,0,0,0,365,0,0,0,NA,NA,NA,NA,NA,NA,NA
CN24,Guizhou,China,37148.66843,211.0719797,6.85,181,0,0,0,365,0,0,0,NA,NA,NA,NA,NA,NA,NA
CN25,Yunnan,China,49811.82203,126.4259442,6.32,181,0,0,0,365,0,0,0,NA,NA,NA,NA,NA,NA,NA
CN27,Shaanxi,China,39619.77775,192.7031992,6.24,181,0,0,0,365,0,0,0,NA,NA,NA,NA,NA,NA,NA
CN28,Gansu,China,27141.18833,59.74287548,6.65,181,0,0,0,365,0,0,0,NA,NA,NA,NA,NA,NA,NA
CN31,Xinjiang,China,25869.74619,15.58043013,4.56,181,0,0,0,365,0,0,0,NA,NA,NA,NA,NA,NA,NA
TZA,United Republic of Tanzania,Cntry/Terr,59734.213,67.435,6.503,181,0,0,0,365,0,0,0,6.257176009,63.77198876,67.4204999,65.55175029,7.11E-15,1.42E-14,1.06E-14
